olac - dc:contributor	olac - dc:identifier
Du Bois, John W.	LDC2000S85
Chafe, Wallace L.	LDC2000S85
Meyer, Charles	LDC2000S85
Thompson, Sandra A.	LDC2000S85
Linguistic Data Consortium	LDC2000S86
Schmidt-Nielsen, Astrid	LDC2000S87
Marsh, Elaine	LDC2000S87
Tardelli, John	LDC2000S87
Gatewood, Paul	LDC2000S87
Kreamer, Elizabeth	LDC2000S87
Tremain, Thomas	LDC2000S87
Cieri, Christopher	LDC2000S87
Wright, Jonathan	LDC2000S87
Linguistic Data Consortium	LDC2000S88
Graff, David	LDC2000S89
Garofolo, John S.	LDC2000S92
Graff, David	LDC2000S92
Schmidt-Nielsen, Astrid	LDC2000S96
Marsh, Elaine	LDC2000S96
Tardelli, John	LDC2000S96
Gatewood, Paul	LDC2000S96
Kreamer, Elizabeth	LDC2000S96
Tremain, Thomas	LDC2000S96
Cieri, Christopher	LDC2000S96
Wright, Jonathan	LDC2000S96
Charniak, Eugene	LDC2000T43
Blaheta, Don	LDC2000T43
Ge, Niyu	LDC2000T43
Hall, Keith	LDC2000T43
Hale, John	LDC2000T43
Johnson, Mark	LDC2000T43
Strassel, Stephanie	LDC2000T44
Martey, Nii	LDC2000T44
Cole, Andy	LDC2000T45
Walker, Kevin	LDC2000T45
Ma, Xiaoyi	LDC2000T46
Ma, Xiaoyi	LDC2000T47
Schmidt-Nielsen, Astrid	LDC2000T49
Marsh, Elaine	LDC2000T49
Cieri, Christopher	LDC2000T49
Strassel, Stephanie	LDC2000T49
Rennert, Kara	LDC2000T49
Ma, Xiaoyi	LDC2000T50
Rogers, Willie	LDC2000T51
Rogers, Willie	LDC2000T52
Psutka, J.	LDC2000T53
Radova, V.	LDC2000T53
Muller, L.	LDC2000T53
Matouse, J.	LDC2000T53
Ircing, P.	LDC2000T53
Schmidt-Nielsen, Astrid	LDC2000T54
Marsh, Elaine	LDC2000T54
Cieri, Christopher	LDC2000T54
Strassel, Stephanie	LDC2000T54
Rennert, Kara	LDC2000T54
Schmidt-Nielsen, Astrid	LDC2001S04
Marsh, Elaine	LDC2001S04
Tardelli, John	LDC2001S04
Gatewood, Paul	LDC2001S04
Kreamer, Elizabeth	LDC2001S04
Tremain, Thomas	LDC2001S04
Cieri, Christopher	LDC2001S04
Strassel, Stephanie	LDC2001S04
Martey, Nii	LDC2001S04
Graff, David	LDC2001S04
Tofan, Cristina	LDC2001S04
Schmidt-Nielsen, Astrid	LDC2001S06
Marsh, Elaine	LDC2001S06
Tardelli, John	LDC2001S06
Gatewood, Paul	LDC2001S06
Kreamer, Elizabeth	LDC2001S06
Tremain, Thomas	LDC2001S06
Cieri, Christopher	LDC2001S06
Strassel, Stephanie	LDC2001S06
Martey, Nii	LDC2001S06
Graff, David	LDC2001S06
Tofan, Cristina	LDC2001S06
Schmidt-Nielsen, Astrid	LDC2001S08
Marsh, Elaine	LDC2001S08
Tardelli, John	LDC2001S08
Gatewood, Paul	LDC2001S08
Kreamer, Elizabeth	LDC2001S08
Tremain, Thomas	LDC2001S08
Cieri, Christopher	LDC2001S08
Strassel, Stephanie	LDC2001S08
Martey, Nii	LDC2001S08
Graff, David	LDC2001S08
Tofan, Cristina	LDC2001S08
Graff, David	LDC2001S13
Walker, Kevin	LDC2001S13
Miller, David	LDC2001S13
Graff, David	LDC2001S15
Walker, Kevin	LDC2001S15
Miller, David	LDC2001S15
Martell, Craig	LDC2004V01
Osborn, Chris	LDC2004V01
Britt, Lisa	LDC2004V01
Myers, Kari	LDC2004V01
Appen Pty Ltd, Sydney, Australia	LDC2006T15
Bird, Steven	LDC2001S16
Bell, John	LDC2001S16
Fiscus, Jonathan G.	LDC2001S91
Garofolo, John S.	LDC2001S91
Przybocki, Mark	LDC2001S91
Fisher, William	LDC2001S91
Pallett, David	LDC2001S91
Graff, David	LDC2001S93
Graff, David	LDC2001S94
Graff, David	LDC2001S95
Przybocki, Mark	LDC2001S97
Martin, Alvin	LDC2001S97
Schmidt-Nielsen, Astrid	LDC2001S99
Marsh, Elaine	LDC2001S99
Tardelli, John	LDC2001S99
Gatewood, Paul	LDC2001S99
Kreamer, Elizabeth	LDC2001S99
Tremain, Thomas	LDC2001S99
Cieri, Christopher	LDC2001S99
Graff, David	LDC2001S99
Tofan, Cristina	LDC2001S99
Soo, Kai Shun	LDC2001S99
Chinchor, Nancy	LDC2001T02
Gatewood, Paul	LDC2001T05
Kreamer, Elizabeth	LDC2001T05
Tremain, Thomas	LDC2001T05
Schmidt-Neilsen, Astrid	LDC2001T05
Marsh, Elaine	LDC2001T05
Tardelli, John	LDC2001T05
Cieri, Christopher	LDC2001T05
Strassel, Stephanie	LDC2001T05
Martey, Nii	LDC2001T05
Graff, David	LDC2001T05
Tofan, Cristina	LDC2001T05
Schmidt-Nielsen, Astrid	LDC2001T07
Marsh, Elaine	LDC2001T07
Tardelli, John	LDC2001T07
Gatewood, Paul	LDC2001T07
Kreamer, Elizabeth	LDC2001T07
Tremain, Thomas	LDC2001T07
Cieri, Christopher	LDC2001T07
Strassel, Stephanie	LDC2001T07
Martey, Nii	LDC2001T07
Graff, David	LDC2001T07
Tofan, Cristina	LDC2001T07
Schmidt-Nielsen, Astrid	LDC2001T09
Marsh, Elaine	LDC2001T09
Tardelli, John	LDC2001T09
Gatewood, Paul	LDC2001T09
Kreamer, Elizabeth	LDC2001T09
Tremain, Thomas	LDC2001T09
Cieri, Christopher	LDC2001T09
Strassel, Stephanie	LDC2001T09
Martey, Nii	LDC2001T09
Graff, David	LDC2001T09
Tofan, Cristina	LDC2001T09
Hajič, Jan	LDC2001T10
Hajičová, Eva	LDC2001T10
Pajas, Petr	LDC2001T10
Panevová, Jarmila	LDC2001T10
Sgall, Petr	LDC2001T10
Xue, Nianwen	LDC2013T13
Bai, Xiaopeng	LDC2013T13
Lu, Jill	LDC2013T13
Zhang, Jennifer	LDC2013T13
Palmer, Martha	LDC2013T13
Chang, Meiyu	LDC2013T13
Zhong, Hua	LDC2013T13
Li, Xuansong	LDC2013T14
Grimes, Stephen	LDC2013T14
Ismael, Safa	LDC2013T14
Strassel, Stephanie	LDC2013T14
Maamouri, Mohamed	LDC2013T14
Bies, Ann	LDC2013T14
Palmer, Martha	LDC2001T11
Marcus, Mitch	LDC2001T11
Kroch, Tony	LDC2001T11
Xia, Fei	LDC2001T11
Xue, Nianwen	LDC2001T11
Chiou, Fu-Dong	LDC2001T11
Graff, David	LDC2001T14
Walker, Kevin	LDC2001T14
Miller, David	LDC2001T14
Graff, David	LDC2001T55
Walker, Kevin	LDC2001T55
Liberman, Mark	LDC2001T57
Alabiso, Jennifer	LDC2001T57
Graff, David	LDC2001T57
Cieri, Christopher	LDC2001T57
Wayne, Charles	LDC2001T57
Doddington, George R.	LDC2001T57
Fiscus, Jonathan G.	LDC2001T57
Graff, David	LDC2001T58
Cieri, Christopher	LDC2001T58
Strassel, Stephanie	LDC2001T58
Fox, Michelle A.	LDC2001T60
Waibel, Alex	LDC2001T61
Lavie, Alon	LDC2001T61
Levin, Lori	LDC2001T61
Ries, Klaus	LDC2001T61
Valle-Argueta, Liza	LDC2001T61
Santos, Diana	LDC2001T62
Rocha, Paulo	LDC2001T62
Huang, Shudong	LDC2002L27
Graff, David	LDC2002L27
Buckwalter, Tim	LDC2002L49
LaRocca, Stephen A.	LDC2002S02
Chouairi, Rajaa	LDC2002S02
Kipp, A.	LDC2002S04
Lamel, L.	LDC2002S04
Mariani, J.	LDC2002S04
Schiel, F.	LDC2002S04
Graff, David	LDC2002S06
Miller, David	LDC2002S06
Walker, Kevin	LDC2002S06
Linguistic Data Consortium	LDC2002S09
Graff, David	LDC2002S10
Martin, Alvin	LDC2002S10
Miller, David	LDC2002S10
Graff, David	LDC2002S11
Fiscus, Jonathan G.	LDC2002S11
Garofolo, John S.	LDC2002S11
Graff, David	LDC2002S12
Martin, Alvin	LDC2002S12
Miller, David	LDC2002S12
Przybocki, Mark	LDC2002S12
Walker, Kevin	LDC2002S12
Graff, David	LDC2002S13
Martin, Alvin	LDC2002S13
Miller, David	LDC2002S13
Przybocki, Mark	LDC2002S13
Walker, Kevin	LDC2002S13
Graff, David	LDC2002S22
Martin, Alvin	LDC2002S22
Miller, David	LDC2002S22
Przybocki, Mark	LDC2002S22
Walker, Kevin	LDC2002S22
NIST Multimodal Information Group	LDC2002S23
Liberman, Mark	LDC2002S28
Davis, Kelly	LDC2002S28
Grossman, Murray	LDC2002S28
Martey, Nii	LDC2002S28
Bell, John	LDC2002S28
Przybocki, Mark	LDC2002S34
Martin, Alvin	LDC2002S34
Padmanabhan, Mukund	LDC2002S35
Kingsbury, Brian	LDC2002S35
Ramabhadran, Bhuvana	LDC2002S35
Huang, Jing	LDC2002S35
Chen, Stanley	LDC2002S35
Saon, George	LDC2002S35
Mangu, Lidia	LDC2002S35
Walker, Marilyn	LDC2002S56
Aberdeen, John	LDC2002S56
Sanders, Gregory	LDC2002S56
Huang, Shudong	LDC2002T01
Graff, David	LDC2002T01
Doddington, George R.	LDC2002T01
Kipp, A.	LDC2002T03
Lamel, L.	LDC2002T03
Mariani, J.	LDC2002T03
Schiel, F.	LDC2002T03
Martey, N.	LDC2002T03
Miller, D.A.	LDC2002T03
Jones, K.T.	LDC2002T03
Dunn, S.	LDC2002T03
Markoff, R.	LDC2002T03
Carlson, Lynn	LDC2002T07
Marcu, Daniel	LDC2002T07
Okurowski, Mary Ellen	LDC2002T07
Palmer, Martha	LDC2002T26
Han, Chung-Hye	LDC2002T26
Han, Na-Rae	LDC2002T26
Ko, Eon-Suk	LDC2002T26
Yi, Hee-Jong	LDC2002T26
Lee, Alan	LDC2002T26
Walker, Chris	LDC2002T26
Duda, John	LDC2002T26
Xue, Nianwen	LDC2002T26
Graff, David	LDC2002T31
Linguistic Data Consortium	LDC2002T38
Bird, Steven	LDC2003L01
Han, Na-Rae	LDC2003L02
Graff, David	LDC2003L02
Kim, Myeonchul	LDC2003L02
Walker, Marilyn	LDC2003S01
Aberdeen, John	LDC2003S01
Sanders, Gregory	LDC2003S01
Bird, Steven	LDC2003S02
Ko, Eon-Suk	LDC2003S03
Han, Na-Rae	LDC2003S03
Caravan, Alexandra	LDC2003S03
Zipperlen, George	LDC2003S03
LaRocca, Stephen A.	LDC2003S05
Tomei, Christine	LDC2003S05
Du Bois, John W.	LDC2003S06
Chafe, Wallace L.	LDC2003S06
Meyer, Charles	LDC2003S06
Thompson, Sandra A.	LDC2003S06
Martey, Nii	LDC2003S06
Martin, Alvin	LDC2003T02
Martin, Alvin	LDC2003T03
Martin, Alvin	LDC2003T04
Graff, David	LDC2003T05
Cieri, Christopher	LDC2003T05
Maamouri, Mohamed	LDC2003T06
Bies, Ann	LDC2003T06
Jin, Hubert	LDC2003T06
Buckwalter, Tim	LDC2003T06
Maamouri, Mohamed	LDC2003T07
Jin, Hubert	LDC2003T07
Bies, Ann	LDC2003T07
Ma, Xiaoyi	LDC2003T07
Ko, Eon-Suk	LDC2003T08
Han, Na-Rae	LDC2003T08
Strassel, Stephanie	LDC2003T08
Martey, Nii	LDC2003T08
Graff, David	LDC2003T09
Chen, Ke	LDC2003T09
Kuiper, Koenraad	LDC2003T10
McCann, Heather	LDC2003T10
Quinn, Heidi	LDC2003T10
Aitchison, Therese	LDC2003T10
van der Veer, Kees	LDC2003T10
Mitchell, Alexis	LDC2003T11
Strassel, Stephanie	LDC2003T11
Przybocki, Mark	LDC2003T11
Davis, J.K.	LDC2003T11
Doddington, George R.	LDC2003T11
Grishman, Ralph	LDC2003T11
Meyers, Adam	LDC2003T11
Brunstein, Ada	LDC2003T11
Ferro, Lisa	LDC2003T11
Sundheim, Beth	LDC2003T11
Graff, David	LDC2003T12
Chinchor, Nancy	LDC2003T13
Sundheim, Beth	LDC2003T13
Strassel, Stephanie	LDC2003T15
Conn, Jeffrey	LDC2003T15
Evans, Suzanne Wagner	LDC2003T15
Cieri, Christopher	LDC2003T15
Labov, William	LDC2003T15
Maeda, Kazuaki	LDC2003T15
Radev, Dragomir	LDC2003T16
Teufel, Simone	LDC2003T16
Saggion, Horacio	LDC2003T16
Lam, Wai	LDC2003T16
Blitzer, John	LDC2003T16
Celebi, Arda	LDC2003T16
Drabek, Elliott	LDC2003T16
Liu, Danyu	LDC2003T16
Qi, Hong	LDC2003T16
Allison, Tim	LDC2003T16
Huang, Shudong	LDC2003T17
Graff, David	LDC2003T17
Walker, Kevin	LDC2003T17
Miller, David	LDC2003T17
Ma, Xiaoyi	LDC2003T17
Cieri, Christopher	LDC2003T17
Doddington, George R.	LDC2003T17
Walker, Kevin	LDC2003T18
Bamba, Moussa	LDC2003T18
Miller, David	LDC2003T18
Ma, Xiaoyi	LDC2003T18
Cieri, Christopher	LDC2003T18
Doddington, George R.	LDC2003T18
Martell, Craig	LDC2003V01
Howard, Paul	LDC2003V01
Osborn, Chris	LDC2003V01
Britt, Lisa	LDC2003V01
Myers, Kari	LDC2003V01
Han, Na-Rae	LDC2004L01
Du Bois, John W.	LDC2005S25
Englebretson, Robert	LDC2005S25
Ma, Xiaoyi	LDC2007T24
Zakhary, Dalal	LDC2007T24
Strassel, Stephanie	LDC2007T24
Muthusamy, Yeshwant	LDC2006S14
Cole, Ronald Allan	LDC2006S14
Oshika, Beatrice	LDC2006S14
Buckwalter, Tim	LDC2004L02
Hajič, Jan	LDC2006T01
Panevová, Jarmila	LDC2006T01
Hajičová, Eva	LDC2006T01
Sgall, Petr	LDC2006T01
Pajas, Petr	LDC2006T01
Štěpánek, Jan	LDC2006T01
Havelka, Jiří	LDC2006T01
Mikulová, Marie	LDC2006T01
Žabokrtský, Zdeněk	LDC2006T01
Ševčíková-Razímová, Magda	LDC2006T01
Urešová, Zdeňka	LDC2006T01
Radova, Vlasta	LDC2004S01
Psutka, Josef	LDC2004S01
Muller, Ludek	LDC2004S01
Byrne, William	LDC2004S01
Psutka, J.V.	LDC2004S01
Ircing, Pavel	LDC2004S01
Matousek, Jindrich	LDC2004S01
Janin, Adam	LDC2004S02
Edwards, Jane	LDC2004S02
Ellis, Dan	LDC2004S02
Gelbart, David	LDC2004S02
Morgan, Nelson	LDC2004S02
Peskin, Barbara	LDC2004S02
Pfau, Thilo	LDC2004S02
Shriberg, Elizabeth	LDC2004S02
Stolcke, Andreas	LDC2004S02
Wooters, Chuck	LDC2004S02
Martin, Alvin	LDC2004S04
Przybocki, Mark	LDC2004S04
Burger, Susanne	LDC2004S05
MacLaren, Victoria	LDC2004S05
Waibel, Alex	LDC2004S05
Graff, David	LDC2004S07
Walker, Kevin	LDC2004S07
Miller, David	LDC2004S07
Strassel, Stephanie	LDC2004S08
Walker, Christopher	LDC2004S08
Lee, Haejoong	LDC2004S08
Garofolo, John S.	LDC2004S09
Michel, Martial	LDC2004S09
Stanford, Vincent M.	LDC2004S09
Tabassi, Elham	LDC2004S09
Fiscus, Jonathan G.	LDC2004S09
Laprun, Christophe D.	LDC2004S09
Pratz, Nicolas	LDC2004S09
Lard, Jerome	LDC2004S09
Du Bois, John W.	LDC2004S10
Englebretson, Robert	LDC2004S10
Garofolo, John S.	LDC2004S11
Fiscus, Jonathan G.	LDC2004S11
Le, Audrey	LDC2004S11
Seyfarth, Robert M.	LDC2004S12
Cheney, Dorothy L.	LDC2004S12
NIST Multimodal Information Group	LDC2012S01
NIST Multimodal Information Group	LDC2011S05
NIST Multimodal Information Group	LDC2011S06
Cieri, Christopher	LDC2004S13
Graff, David	LDC2004S13
Kimball, Owen	LDC2004S13
Miller, Dave	LDC2004S13
Walker, Kevin	LDC2004S13
Radova, Vlasta	LDC2004T01
Psutka, Josef	LDC2004T01
Muller, Ludek	LDC2004T01
Byrne, William	LDC2004T01
Psutka, J.V.	LDC2004T01
Ircing, Pavel	LDC2004T01
Matousek, Jindrich	LDC2004T01
Maamouri, Mohamed	LDC2004T02
Bies, Ann	LDC2004T02
Buckwalter, Tim	LDC2004T02
Jin, Hubert	LDC2004T02
Han, Na-Rae	LDC2004T03
Muthusamy, Yeshwant	LDC2006S39
Cole, Ronald Allan	LDC2006S39
Oshika, Beatrice	LDC2006S39
Janin, Adam	LDC2004T04
Edwards, Jane	LDC2004T04
Ellis, Dan	LDC2004T04
Gelbart, David	LDC2004T04
Morgan, Nelson	LDC2004T04
Peskin, Barbara	LDC2004T04
Pfau, Thilo	LDC2004T04
Shriberg, Elizabeth	LDC2004T04
Stolcke, Andreas	LDC2004T04
Wooters, Chuck	LDC2004T04
Palmer, Martha	LDC2004T05
Chiou, Fu-Dong	LDC2004T05
Xue, Nianwen	LDC2004T05
Lee, Tsan-Kuang	LDC2004T05
Ma, Xiaoyi	LDC2004T07
Ma, Xiaoyi	LDC2004T08
Mitchell, Alexis	LDC2004T09
Strassel, Stephanie	LDC2004T09
Przybocki, Mark	LDC2004T09
Davis, J.K.	LDC2004T09
Doddington, George R.	LDC2004T09
Grishman, Ralph	LDC2004T09
Meyers, Adam	LDC2004T09
Brunstein, Ada	LDC2004T09
Ferro, Lisa	LDC2004T09
Sundheim, Beth	LDC2004T09
Burger, Susanne	LDC2004T10
MacLaren, Victoria	LDC2004T10
Waibel, Alex	LDC2004T10
Maamouri, Mohamed	LDC2004T11
Bies, Ann	LDC2004T11
Buckwalter, Tim	LDC2004T11
Jin, Hubert	LDC2004T11
Strassel, Stephanie	LDC2004T12
Walker, Christopher	LDC2004T12
Lee, Haejoong	LDC2004T12
Garofolo, John S.	LDC2004T13
Michel, Martial	LDC2004T13
Stanford, Vincent M.	LDC2004T13
Tabassi, Elham	LDC2004T13
Fiscus, Jonathan G.	LDC2004T13
Laprun, Christophe D.	LDC2004T13
Pratz, Nicolas	LDC2004T13
Lard, Jerome	LDC2004T13
Strassel, Stephanie	LDC2004T13
Palmer, Martha	LDC2004T14
Kingsbury, Paul	LDC2004T14
Babko-Malaya, Olga	LDC2004T14
Cotton, Scott	LDC2004T14
Snyder, Benjamin	LDC2004T14
Prasad, Rashmi	LDC2004T15
Walker, Marilyn	LDC2004T15
Prasad, Rashmi	LDC2004T16
Walker, Marilyn	LDC2004T16
Ma, Xiaoyi	LDC2004T17
Zakhary, Dalal	LDC2004T17
Bamba, Moussa	LDC2004T17
Cieri, Christopher	LDC2004T19
Graff, David	LDC2004T19
Kimball, Owen	LDC2004T19
Miller, Dave	LDC2004T19
Walker, Kevin	LDC2004T19
Hajič, Jan	LDC2004T23
Smrz, Otakar	LDC2004T23
Zemanek, Petr	LDC2004T23
Pajas, Petr	LDC2004T23
Snaidauf, Jan	LDC2004T23
Beska, Emanuel	LDC2004T23
Kracmar, Jakub	LDC2004T23
Hassanova, Kamila	LDC2004T23
Curin, Jan	LDC2004T25
Cmejrek, Martin	LDC2004T25
Havelka, Jiří	LDC2004T25
Hajič, Jan	LDC2004T25
Kubon, Vladislav	LDC2004T25
Žabokrtský, Zdeněk	LDC2004T25
Bamba, Moussa	LDC2005L01
Maamouri, Mohamed	LDC2005S07
Jin, Hubert	LDC2005S07
BBN Technologies (with American University of Beirut a subcontractor)	LDC2005S08
Makhoul, John	LDC2005S08
Zawaydeh, Bushra	LDC2005S08
Choi, Frederick	LDC2005S08
Stallard, David	LDC2005S08
Kong, Junbo	LDC2005S11
Graff, David	LDC2005S11
Cieri, Christopher	LDC2005S13
Graff, David	LDC2005S13
Kimball, Owen	LDC2005S13
Miller, Dave	LDC2005S13
Walker, Kevin	LDC2005S13
Palmer, Martha	LDC2005T01
Chiou, Fu-Dong	LDC2005T01
Xue, Nianwen	LDC2005T01
Lee, Tsan-Kuang	LDC2005T01
Maamouri, Mohamed	LDC2005T02
Bies, Ann	LDC2005T02
Buckwalter, Tim	LDC2005T02
Jin, Hubert	LDC2005T02
Maamouri, Mohamed	LDC2005T03
Buckwalter, Tim	LDC2005T03
Jin, Hubert	LDC2005T03
Ma, Xiaoyi	LDC2005T05
Ma, Xiaoyi	LDC2005T06
Ferro, Lisa	LDC2005T07
Gerber, Laurie	LDC2005T07
Hitzeman, Janet	LDC2005T07
Lima, Elizabeth	LDC2005T07
Sundheim, Beth	LDC2005T07
Wolf, Florian	LDC2005T08
Gibson, Edward	LDC2005T08
Fisher, Amy	LDC2005T08
Knight, Meredith	LDC2005T08
Strassel, Stephanie	LDC2005T29
Glenn, Meghan	LDC2005T29
Columbia University	LDC2013S09
International, SRI	LDC2013S09
University of Colorado Boulder	LDC2013S09
Xue, Nianwen	LDC2013T21
Zhang, Xiuhong	LDC2013T21
Jiang, Zixin	LDC2013T21
Palmer, Martha	LDC2013T21
Xia, Fei	LDC2013T21
Chiou, Fu-Dong	LDC2013T21
Chang, Meiyu	LDC2013T21
Mitchell, Alexis	LDC2005T09
Strassel, Stephanie	LDC2005T09
Huang, Shudong	LDC2005T09
Zakhary, Ramez	LDC2005T09
Ma, Xiaoyi	LDC2005T10
Graff, David	LDC2005T12
Kong, Junbo	LDC2005T12
Chen, Ke	LDC2005T12
Maeda, Kazuaki	LDC2005T12
Poesio, Massimo	LDC2013T22
Artstein, Ron	LDC2013T22
Uryupina, Olga	LDC2013T22
Rodriguez, Kepa	LDC2013T22
Delogu, Francesca	LDC2013T22
Bristot, Antonella	LDC2013T22
Hitzeman, Janet	LDC2013T22
Hockenmaier, Julia	LDC2005T13
Steedman, Mark	LDC2005T13
Graff, David	LDC2005T14
Chen, Ke	LDC2005T14
Kong, Junbo	LDC2005T14
Maeda, Kazuaki	LDC2005T14
Li, Xuansong	LDC2013T23
Grimes, Stephen	LDC2013T23
Strassel, Stephanie	LDC2013T23
Strassel, Stephanie	LDC2005T16
Kong, Junbo	LDC2005T16
Graff, David	LDC2005T16
Cieri, Christopher	LDC2005T19
Graff, David	LDC2005T19
Kimball, Owen	LDC2005T19
Miller, Dave	LDC2005T19
Walker, Kevin	LDC2005T19
Garofolo, John S.	LDC93S1
Lamel, Lori F.	LDC93S1
Fisher, William M.	LDC93S1
Fiscus, Jonathan G.	LDC93S1
Pallett, David S.	LDC93S1
Dahlgren, Nancy L.	LDC93S1
Zue, Victor	LDC93S1
Leonard, R. Gary	LDC93S10
Doddington, George R.	LDC93S10
Fisher, William M.	LDC93S2
Doddington, George R.	LDC93S2
Goudie-Marshall, Kathleen M.	LDC93S2
Jankowski, Charles	LDC93S2
Kalyanswamy, Ashok	LDC93S2
Basson, Sara	LDC93S2
Spitz, Judith	LDC93S2
Price, P.	LDC93S3A
Fisher, W.M.	LDC93S3A
Bernstein, Jared	LDC93S3A
Pallett, D.S.	LDC93S3A
Price, P.	LDC93S3B
Fisher, W.M.	LDC93S3B
Bernstein, Jared	LDC93S3B
Pallett, D.S.	LDC93S3B
Price, P.	LDC93S3C
Fisher, W.M.	LDC93S3C
Bernstein, Jared	LDC93S3C
Pallett, D.S.	LDC93S3C
Hemphill, Charles T.	LDC93S4A
Godfrey, John J.	LDC93S4A
Doddington, George R.	LDC93S4A
Garofolo, John S.	LDC93S4A
Fiscus, Jonathan G.	LDC93S4A
Hemphill, Charles T.	LDC93S4B
Godfrey, John J.	LDC93S4B
Doddington, George R.	LDC93S4B
Garofolo, John S.	LDC93S4B
Fiscus, Jonathan G.	LDC93S4B
Dahlgren, Nancy	LDC93S4B
Fisher, William	LDC93S4B
Tjaden, Brett	LDC93S4B
Pallett, David	LDC93S4B
Hemphill, Charles T.	LDC93S4B-2
Godfrey, John J.	LDC93S4B-2
Doddington, George R.	LDC93S4B-2
Garofolo, John S.	LDC93S4B-2
Fiscus, Jonathan G.	LDC93S4B-2
Dahlgren, Nancy	LDC93S4B-2
Fisher, William	LDC93S4B-2
Tjaden, Brett	LDC93S4B-2
Pallett, David	LDC93S4B-2
Hemphill, Charles T.	LDC93S4B-3
Godfrey, John J.	LDC93S4B-3
Doddington, George R.	LDC93S4B-3
Garofolo, John S.	LDC93S4B-3
Fiscus, Jonathan G.	LDC93S4B-3
Dahlgren, Nancy	LDC93S4B-3
Fisher, William	LDC93S4B-3
Tjaden, Brett	LDC93S4B-3
Pallett, David	LDC93S4B-3
Garofolo, John S.	LDC93S5
Fiscus, Jonathan G.	LDC93S5
Hunicke-Smith, Kate	LDC93S5
Danielson, Denise	LDC93S5
Shriberg, Elizabeth	LDC93S5
Bocchieri, Enrico	LDC93S5
Buntschuh, Bruce	LDC93S5
Schwartz, Beverly	LDC93S5
Peters, Sandra	LDC93S5
Ingria, Robert	LDC93S5
Weide, Robert	LDC93S5
Chang, Yuzong	LDC93S5
Thayer, Eric	LDC93S5
Hirschman, Lynette	LDC93S5
Polifroni, Joe	LDC93S5
Lund, Bruce	LDC93S5
Kawai, Goh	LDC93S5
Kuhn, Tom	LDC93S5
Norton, Lew	LDC93S5
Dahl, Deborah	LDC93S5
Bates, Madeleine	LDC93S5
Brown, Michael	LDC93S5
Rudnicky, Alexander	LDC93S5
Pallett, David	LDC93S5
Garofolo, John S.	LDC93S6A
Graff, David	LDC93S6A
Paul, Doug	LDC93S6A
Pallett, David	LDC93S6A
Garofolo, John S.	LDC93S6B
Graff, David	LDC93S6B
Paul, Doug	LDC93S6B
Pallett, David	LDC93S6B
Garofolo, John S.	LDC93S6C
Graff, David	LDC93S6C
Paul, Doug	LDC93S6C
Pallett, David	LDC93S6C
Godfrey, John J.	LDC93S8
Holliman, Ed	LDC93S8
Liberman, Mark	LDC93S9
Amsler, Robert	LDC93S9
Church, Ken	LDC93S9
Fox, Ed	LDC93S9
Hafner, Carole	LDC93S9
Klavans, Judy	LDC93S9
Marcus, Mitch	LDC93S9
Mercer, Bob	LDC93S9
Pedersen, Jan	LDC93S9
Roossin, Paul	LDC93S9
Walker, Don	LDC93S9
Warwick, Susan	LDC93S9
Zampolli, Antonio	LDC93S9
Harman, Donna	LDC93T3A
Liberman, Mark	LDC93T3A
Harman, Donna	LDC93T3B
Liberman, Mark	LDC93T3B
Harman, Donna	LDC93T3C
Liberman, Mark	LDC93T3C
Harman, Donna	LDC93T3D
Liberman, Mark	LDC93T3D
Godfrey, John J.	LDC94S14A
Godfrey, John J.	LDC94S14B
Godfrey, John J.	LDC94S14C
Martin, Alvin	LDC94S15
Godfrey, Jack	LDC94S15
Holliman, Ed	LDC94S15
Przybocki, Mark	LDC94S15
Campbell, Joseph	LDC94S16
Higgins, Alan	LDC94S16
Cole, Ronald Allan	LDC94S17
Muthusamy, Yeshwant	LDC94S17
Cole, Ronald Allan	LDC94S18
Muthusamy, Yeshwant	LDC94S18
Dahl, Deborah A.	LDC94S19
Bates, Madeleine	LDC94S19
Brown, Michael	LDC94S19
Fisher, William	LDC94S19
Hunicke-Smith, Kate	LDC94S19
Pallett, David	LDC94S19
Pao, Christine	LDC94S19
Rudnicky, Alexander	LDC94S19
Shriberg, Elizabeth	LDC94S19
Garofolo, John S.	LDC94S19
Fiscus, Jonathan G.	LDC94S19
Danielson, Denise	LDC94S19
Bocchieri, Enrico	LDC94S19
Buntschuh, Bruce	LDC94S19
Schwartz, Beverly	LDC94S19
Peters, Sandra	LDC94S19
Ingria, Robert	LDC94S19
Weide, Robert	LDC94S19
Chang, Yuzong	LDC94S19
Thayer, Eric	LDC94S19
Hirschman, Lynette	LDC94S19
Polifroni, Joe	LDC94S19
Lund, Bruce	LDC94S19
Kawai, Goh	LDC94S19
Kuhn, Tom	LDC94S19
Norton, Lew	LDC94S19
British Home Office	LDC94S20
Bernstein, Jared	LDC94S21
Taussig, Kelsey	LDC94S21
Godfrey, Jack	LDC94S21
Graff, David	LDC94T4A
Graff, David	LDC94T4B-1
Graff, David	LDC94T4B-2
Graff, David	LDC94T4B-3
Linguistic Data Consortium	LDC94T5
Higgins, Alan	LDC95S22
Vermilyea, Dave	LDC95S22
Robinson, Tony	LDC95S24
Fransen, Jeroen	LDC95S24
Pye, David	LDC95S24
Foote, Jonathan	LDC95S24
Renals, Steve	LDC95S24
Woodland, Phil	LDC95S24
Young, Steve	LDC95S24
Allen, James	LDC95S25
Heeman, Peter A.	LDC95S25
Dahl, Deborah A.	LDC95S26
Bates, Madeleine	LDC95S26
Brown, Michael	LDC95S26
Fisher, William	LDC95S26
Hunicke-Smith, Kate	LDC95S26
Pallett, David	LDC95S26
Pao, Christing	LDC95S26
Rudnicky, Alexander	LDC95S26
Shriberg, Elizabeth	LDC95S26
Garofolo, John S.	LDC95S26
Fiscus, Jonathan G.	LDC95S26
Danielson, Denise	LDC95S26
Bocchieri, Enrico	LDC95S26
Buntschuh, Bruce	LDC95S26
Schwartz, Beverly	LDC95S26
Peters, Sandra	LDC95S26
Ingria, Robert	LDC95S26
Weide, Robert	LDC95S26
Chang, Yuzong	LDC95S26
Thayer, Eric	LDC95S26
Hirschman, Lynette	LDC95S26
Polifroni, Joe	LDC95S26
Lund, Bruce	LDC95S26
Kawai, Goh	LDC95S26
Kuhn, Tom	LDC95S26
Norton, Lew	LDC95S26
Pitrelli, John F.	LDC95S27
Fong, Cynthia	LDC95S27
Bernstein, Jared	LDC95S28
Grundy, Bill	LDC95S28
Rosenfeld, Elizabeth	LDC95S28
Najmi, Amir	LDC95S28
Mankoski, Psi	LDC95S28
Graff, David	LDC95T11
Wu, Zhibiao	LDC95T13
Roukos, Salim	LDC95T20
Graff, David	LDC95T20
Melamed, Dan	LDC95T20
Graff, David	LDC95T21
Graff, David	LDC95T6
Rosenfeld, Roni	LDC95T6
Paul, Doug	LDC95T6
Marcus, Mitchell P.	LDC95T7
Santorini, Beatrice	LDC95T7
Marcinkiewicz, Mary Ann	LDC95T7
Graff, David	LDC95T8
Wu, Zhibiao	LDC95T8
Graff, David	LDC95T9
Gallegos, Gustavo	LDC95T9
Baayen, R.H.	LDC96L14
Piepenbrock, R.	LDC96L14
Gulikers, L.	LDC96L14
Huang, Shudong	LDC96L15
Bian, Xuejun	LDC96L15
Wu, Grace	LDC96L15
McLemore, Cynthia	LDC96L15
Garrett, Susan	LDC96L16
Morton, Tom	LDC96L16
McLemore, Cynthia	LDC96L16
Kobayashi, Megumi	LDC96L17
Crist, Sean	LDC96L17
Kaneko, Masayo	LDC96L17
McLemore, Cynthia	LDC96L17
Graff, David	LDC96S29
Walker, Kevin	LDC96S29
Miller, David	LDC96S29
George, E. Bryan	LDC96S30
Brown, Kathy L.	LDC96S30
Birnbaum, Martha	LDC96S30
Macon, Michael	LDC96S30
Garofolo, John S.	LDC96S31
Fiscus, Jonathan G.	LDC96S31
Fisher, William	LDC96S31
Pallett, David	LDC96S31
Garofolo, John S.	LDC96S32
Lamel, Lori F.	LDC96S32
Fisher, William M.	LDC96S32
Fiscus, Jonathan G.	LDC96S32
Pallett, David S.	LDC96S32
Dahlgren, Nancy L.	LDC96S32
Zue, Victor	LDC96S32
Fiscus, Jonathan G.	LDC96S33
Garofolo, John S.	LDC96S33
Pallett, David	LDC96S33
Canavan, Alexandra	LDC96S34
Zipperlen, George	LDC96S34
Canavan, Alexandra	LDC96S35
Zipperlen, George	LDC96S35
Ostendorf, Mari	LDC96S36
Price, Patti	LDC96S36
Shattuck-Hufnagel, Stefanie	LDC96S36
Canavan, Alexandra	LDC96S37
Zipperlen, George	LDC96S37
Taylor, Martin	LDC96S38
Bard, Ellen Gurman	LDC96S38
Sotillo, Cathy	LDC96S38
McKelvie, David	LDC96S38
Anderson, Anne	LDC96S38
Flanagan, James	LDC96S40
Muthusamy, Yeshwant K.	LDC96S41
Godfrey, John J.	LDC94S14D
Canavan, Alexandra	LDC96S46
Zipperlen, George	LDC96S46
Canavan, Alexandra	LDC96S47
Zipperlen, George	LDC96S47
Canavan, Alexandra	LDC96S48
Zipperlen, George	LDC96S48
Canavan, Alexandra	LDC96S49
Zipperlen, George	LDC96S49
Canavan, Alexandra	LDC96S50
Zipperlen, George	LDC96S50
Canavan, Alexandra	LDC96S51
Zipperlen, George	LDC96S51
Canavan, Alexandra	LDC96S52
Zipperlen, George	LDC96S52
Canavan, Alexandra	LDC96S53
Zipperlen, George	LDC96S53
Canavan, Alexandra	LDC96S54
Zipperlen, George	LDC96S54
Canavan, Alexandra	LDC96S55
Zipperlen, George	LDC96S55
Canavan, Alexandra	LDC96S56
Zipperlen, George	LDC96S56
Canavan, Alexandra	LDC96S57
Zipperlen, George	LDC96S57
Canavan, Alexandra	LDC96S58
Zipperlen, George	LDC96S58
Canavan, Alexandra	LDC96S59
Zipperlen, George	LDC96S59
Canavan, Alexandra	LDC96S60
Zipperlen, George	LDC96S60
Przybocki, Mark	LDC96S61
Martin, Alvin	LDC96S61
Hamaker, Jonathan	LDC96S64
Duncan, Richard J.	LDC96S64
Picone, Joe	LDC96S64
Itahashi, Shuichi	LDC96S64
Japan Electronic Industry Development Association (JEIDA)	LDC96S64
Hamaker, Jonathan	LDC96S64-1
Duncan, Richard J.	LDC96S64-1
Picone, Joe	LDC96S64-1
Itahashi, Shuichi	LDC96S64-1
Japan Electronic Industry Development Association (JEIDA)	LDC96S64-1
Hamaker, Jonathan	LDC96S64-2
Duncan, Richard J.	LDC96S64-2
Picone, Joe	LDC96S64-2
Itahashi, Shuichi	LDC96S64-2
Japan Electronic Industry Development Association (JEIDA)	LDC96S64-2
Hamaker, Jonathan	LDC96S64-3
Duncan, Richard J.	LDC96S64-3
Picone, Joe	LDC96S64-3
Itahashi, Shuichi	LDC96S64-3
Japan Electronic Industry Development Association (JEIDA)	LDC96S64-3
Hamaker, Jonathan	LDC96S64-4
Duncan, Richard J.	LDC96S64-4
Picone, Joe	LDC96S64-4
Itahashi, Shuichi	LDC96S64-4
Japan Electronic Industry Development Association (JEIDA)	LDC96S64-4
Hamaker, Jonathan	LDC96S64-5
Duncan, Richard J.	LDC96S64-5
Picone, Joe	LDC96S64-5
Itahashi, Shuichi	LDC96S64-5
Japan Electronic Industry Development Association (JEIDA)	LDC96S64-5
Hamaker, Jonathan	LDC96S65
Duncan, Richard J.	LDC96S65
Picone, Joe	LDC96S65
Itahashi, Shuichi	LDC96S65
Japan Electronic Industry Development Association (JEIDA)	LDC96S65
NIST Multimodal Information Group	LDC2013T07
Hamaker, Jonathan	LDC96S65-1
Duncan, Richard J.	LDC96S65-1
Picone, Joe	LDC96S65-1
Itahashi, Shuichi	LDC96S65-1
Japan Electronic Industry Development Association (JEIDA)	LDC96S65-1
Hamaker, Jonathan	LDC96S65-2
Duncan, Richard J.	LDC96S65-2
Picone, Joe	LDC96S65-2
Itahashi, Shuichi	LDC96S65-2
Japan Electronic Industry Development Association (JEIDA)	LDC96S65-2
Hamaker, Jonathan	LDC96S65-3
Duncan, Richard J.	LDC96S65-3
Picone, Joe	LDC96S65-3
Itahashi, Shuichi	LDC96S65-3
Japan Electronic Industry Development Association (JEIDA)	LDC96S65-3
Hamaker, Jonathan	LDC96S65-4
Duncan, Richard J.	LDC96S65-4
Picone, Joe	LDC96S65-4
Itahashi, Shuichi	LDC96S65-4
Japan Electronic Industry Development Association (JEIDA)	LDC96S65-4
Hamaker, Jonathan	LDC96S65-5
Duncan, Richard J.	LDC96S65-5
Picone, Joe	LDC96S65-5
Itahashi, Shuichi	LDC96S65-5
Japan Electronic Industry Development Association (JEIDA)	LDC96S65-5
Chinchor, Nancy	LDC96T10
Sundheim, Beth	LDC96T10
Macleod, Catherine	LDC96T11
Meyers, Adam	LDC96T11
Grishman, Ralph	LDC96T11
Wheatley, Barbara	LDC96T16
Wheatley, Barbara	LDC96T17
Wheatley, Barbara	LDC96T18
Kaneko, Masayo	LDC96T18
Kobayashi, Megumi	LDC96T18
Karins, Krisjanis	LDC97L18
MacIntyre, Robert	LDC97L18
Brandmair, Monika	LDC97L18
Lauscher, Susanne	LDC97L18
McLemore, Cynthia	LDC97L18
Kingsbury, Paul	LDC97L20
Strassel, Stephanie	LDC97L20
McLemore, Cynthia	LDC97L20
MacIntyre, Robert	LDC97L20
Canavan, Alexandra	LDC97S42
Graff, David	LDC97S42
Zipperlen, George	LDC97S42
Canavan, Alexandra	LDC97S43
Graff, David	LDC97S43
Zipperlen, George	LDC97S43
Graff, David	LDC97S44
Garofolo, John S.	LDC97S44
Fiscus, Jonathan G.	LDC97S44
Fisher, William	LDC97S44
Pallett, David	LDC97S44
Canavan, Alexandra	LDC97S45
Zipperlen, George	LDC97S45
Graff, David	LDC97S45
Godfrey, John J.	LDC97S62
Holliman, Edward	LDC97S62
Eskenazi, Maxine	LDC97S63
Mostow, Jack	LDC97S63
Graff, David	LDC97S63
Graff, David	LDC97S66
Alabiso, Jennifer	LDC97S66
Fiscus, Jonathan G.	LDC97S66
Garofolo, John S.	LDC97S66
Fisher, William	LDC97S66
Pallett, David	LDC97S66
Ng, Hwee Tou 	LDC97T12
Lee, Hian Beng	LDC97T12
Kingsbury, Paul	LDC97T14
Strassel, Stephanie	LDC97T14
McLemore, Cynthia	LDC97T14
McIntyre, Robert	LDC97T14
Karins, Krisjanis	LDC97T15
MacIntyre, Robert	LDC97T15
Brandmair, Monika	LDC97T15
Lauscher, Susanne	LDC97T15
McLemore, Cynthia	LDC97T15
Gadalla, Hassan	LDC97T19
Kilany, Hanaa	LDC97T19
Arram, Howaida	LDC97T19
Yacoub, Ashraf	LDC97T19
El-Habashi, Alaa	LDC97T19
Shalaby, Amr	LDC97T19
Karins, Krisjanis	LDC97T19
Rowson, Everett	LDC97T19
MacIntyre, Robert	LDC97T19
Kingsbury, Paul	LDC97T19
Graff, David	LDC97T19
McLemore, Cynthia	LDC97T19
Graff, David	LDC97T22
Alabiso, Jennifer	LDC97T22
Macleod, Catherine	LDC98L21
Meyers, Adam	LDC98L21
Grishman, Ralph	LDC98L21
Reynolds, Douglas	LDC98S67
Reynolds, Douglas	LDC98S68
Fiscus, Jonathan G.	LDC98S71
Garofolo, John S.	LDC98S71
Przybocki, Mark	LDC98S71
Fisher, William	LDC98S71
Pallett, David	LDC98S71
Duanmu, San	LDC98S72
Wakefield, Gregory H.	LDC98S72
Hsu, Yi-ping	LDC98S72
Qui, Shan-ping	LDC98S72
Guevara, Rowena Cristina	LDC98S72
Huang, Shudong	LDC98S73
Liu, Jing	LDC98S73
Wu, Xuling	LDC98S73
Wu, Lei	LDC98S73
Yan, Yongmin	LDC98S73
Qin, Zhoakai	LDC98S73
Linguistic Data Consortium	LDC98S74
Graff, David	LDC98S75
Canavan, Alexandra	LDC98S75
Zipperlen, George	LDC98S75
Przybocki, Mark	LDC98S76
Martin, Alvin	LDC98S76
Padmanabhan, M.	LDC98S77
Ramaswamy, G.	LDC98S77
Ramabhadran, B.	LDC98S77
Gopalakrishnan, P.S.	LDC98S77
Dunn, C.	LDC98S77
Huang, Shudong	LDC98T24
Liu, Jing	LDC98T24
Wu, Xuling	LDC98T24
Wu, Lei	LDC98T24
Yan, Yongmin	LDC98T24
Qin, Zhoakai	LDC98T24
Allan, James	LDC98T25
Yang, Yiming	LDC98T25
Carbonell, Jaime	LDC98T25
Yamron, Jon	LDC98T25
Doddington, George R.	LDC98T25
Wayne, Charles	LDC98T25
Huang, Shudong	LDC98T26
Graff, David	LDC98T26
McIntyre, Robert	LDC98T26
Munoz, Elisa	LDC98T27
Alabiso, Jennifer	LDC98T27
MacIntyre, Robert	LDC98T27
Graff, David	LDC98T27
Alabiso, Jennifer	LDC98T28
MacIntyre, Robert	LDC98T28
Graff, David	LDC98T28
Munoz, Elisa	LDC98T29
Alabiso, Jennifer	LDC98T29
Graff, David	LDC98T29
MacIntyre, Robert	LDC98T30
MacIntyre, Robert	LDC98T31
Canavan, Alexandra	LDC98T32
Morgovsky, Paul	LDC98T32
Kilany, Hanaa	LDC99L22
Gadalla, H.	LDC99L22
Arram, Howaida	LDC99L22
Yacoub, A.	LDC99L22
El-Habashi, Alaa	LDC99L22
McLemore, C.	LDC99L22
Seidl-Friedman, Amanda Hallie	LDC99L23
Kobayashi, Masato	LDC99L23
Cieri, Christopher	LDC99L23
Hansen, John H.L.	LDC99S78
Graff, David	LDC99S79
Walker, Kevin	LDC99S79
Canavan, Alexandra	LDC99S79
Przybocki, Mark	LDC99S80
Martin, Alvin	LDC99S80
Przybocki, Mark	LDC99S81
Martin, Alvin	LDC99S81
Canavan, Alexandra	LDC99S82
Miller, David	LDC99S82
Morgovsky, Paul	LDC99S82
Graff, David	LDC99S83
Reynolds, Douglas	LDC99S83
O'Leary, Gerald C.	LDC99S83
Morgan, John	LDC2006S37
Graff, David	LDC99S84
Hansen, John H.L.	LDC99T33
Kobayashi, Masato	LDC99T34
Walker, Kevin	LDC99T34
Canavan, Alexandra	LDC99T36
Miller, David	LDC99T36
Wright, Jonathan	LDC99T40
Graff, David	LDC99T40
Graff, David	LDC99T41
Gallegos, Gustavo	LDC99T41
Marcus, Mitchell P.	LDC99T42
Santorini, Beatrice	LDC99T42
Marcinkiewicz, Mary Ann	LDC99T42
Taylor, Ann	LDC99T42
Lander, T.	LDC2007S08
Noel, Mike	LDC2007S05
Yang, Yingchun	LDC2007S09
Wu, Zhaohui	LDC2007S09
Wu, Tian	LDC2007S09
Li, Dongdong	LDC2007S09
Fiscus, Jonathan G.	LDC2007S10
Doddington, George R.	LDC2007S10
Le, Audrey	LDC2007S10
Sanders, Greg	LDC2007S10
Przybocki, Mark	LDC2007S10
Pallett, David	LDC2007S10
Clopper, Cynthia G.	LDC2007S15
Pisoni, David B.	LDC2007S15
Maamouri, Mohamed	LDC2005T20
Bies, Ann	LDC2005T20
Buckwalter, Tim	LDC2005T20
Jin, Hubert	LDC2005T20
Mekki, Wigdan	LDC2005T20
Weischedel, Ralph	LDC2005T33
Brunstein, Ada	LDC2005T33
Maamouri, Mohamed	LDC2005S14
Buckwalter, Tim	LDC2005S14
Jin, Hubert	LDC2005S14
Fung, Pascale	LDC2005T32
Huang, Shudong	LDC2005T32
Graff, David	LDC2005T32
Noel, Mike	LDC2007S13
Lee, Haejoong	LDC2005S16
Strassel, Stephanie	LDC2005S16
Walker, Christopher	LDC2005T24
Strassel, Stephanie	LDC2005T24
Shriberg, Elizabeth	LDC2005T24
Liu, Yang	LDC2005T24
Ang, Jeremy	LDC2005T24
Lee, Haejoong	LDC2005T24
Kong, Junbo	LDC2005T28
Graff, David	LDC2005T28
Maeda, Kazuaki	LDC2005T28
Strassel, Stephanie	LDC2005T28
Glenn, Meghan	LDC2006T19
Strassel, Stephanie	LDC2006T19
Kong, Junbo	LDC2006T19
Maeda, Kazuaki	LDC2006T19
Wright, Jonathan	LDC2005S22
Maamouri, Mohamed	LDC2005T30
Bies, Ann	LDC2005T30
Buckwalter, Tim	LDC2005T30
Jin, Hubert	LDC2005T30
Mekki, Wigdan	LDC2005T30
LaRocca, Stephen A.	LDC2005S28
Tomei, Christine	LDC2005S28
Sokolich, Milan	LDC2005S28
Palmer, Martha	LDC2005T23
Xue, Nianwen	LDC2005T23
Jiang, Zixin	LDC2005T23
Chang, Meiyu	LDC2005T23
Morgan, John	LDC2005S30
LaRocca, Stephen	LDC2005S30
Bellinger, Sherri	LDC2005S30
Ruscelli, Charles (Chip)	LDC2005S30
Huang, Shudong	LDC2005T34
Lander, T.	LDC2005S26
Graff, David	LDC2006T02
Chen, Ke	LDC2006T02
Kong, Junbo	LDC2006T02
Maeda, Kazuaki	LDC2006T02
Graff, David	LDC2006T12
Bies, Ann	LDC2006T10
Reppen, Randi	LDC2005T35
Ide, Nancy	LDC2005T35
Suderman, Keith	LDC2005T35
Palmer, Martha	LDC2006T03
Ryu, Shijong	LDC2006T03
Choi, Jinyoung	LDC2006T03
Yoon, Sinwon	LDC2006T03
Jeon, Yeongmi	LDC2006T03
Ma, Xiaoyi	LDC2006T04
Kain, Alexander	LDC2006S01
Walker, Christopher	LDC2006T06
Strassel, Stephanie	LDC2006T06
Medero, Julie	LDC2006T06
Maeda, Kazuaki	LDC2006T06
Pustejovsky, James	LDC2006T08
Verhagen, Marc	LDC2006T08
Sauri, Roser	LDC2006T08
Littman, Jessica	LDC2006T08
Gaizauskas, Robert	LDC2006T08
Katz, Graham	LDC2006T08
Mani, Inderjeet	LDC2006T08
Knippen, Robert	LDC2006T08
Setzer, Andrea	LDC2006T08
Maamouri, Mohamed	LDC2006S29
Buckwalter, Tim	LDC2006S29
Graff, David	LDC2006S29
Jin, Hubert	LDC2006S29
Maamouri, Mohamed	LDC2006T07
Buckwalter, Tim	LDC2006T07
Graff, David	LDC2006T07
Jin, Hubert	LDC2006T07
Cieri, Christopher	LDC2006S30
Miller, David	LDC2006S30
Martey, Nii O.	LDC2006S30
Maeda, Kazuaki	LDC2006S30
Han, Na-Rae	LDC2006T09
Ryu, Shijong	LDC2006T09
Chae, Sook-Hee	LDC2006T09
Yang, Seung-yun	LDC2006T09
Lee, Seunghun	LDC2006T09
Palmer, Martha	LDC2006T09
Cole, Ronald Allan	LDC2006S15
Fanty, Mark	LDC2006S15
Roginski, K.	LDC2006S15
CSLU	LDC2006S26
Schiffman, Harold	LDC2008L01
Renganathan, Vasu	LDC2008L01
Raev, Anrey	LDC2006S34
Koval, Serguei	LDC2006S34
Smirnova, Natalia	LDC2006S34
Khitrova, Daria	LDC2006S34
Stepanov, Vitaly	LDC2006S34
Morgan, John	LDC2006S36
Muthusamy, Yeshwant	LDC2006S35
Cole, Ronald Allan	LDC2006S35
Oshika, Beatrice	LDC2006S35
Grieco, John	LDC2006S13
Benarousse, Laurent	LDC2006S13
Geoffrois, Edouard	LDC2006S13
Series, Robert	LDC2006S13
Steeneken, Herman	LDC2006S13
Stumpf, Hans	LDC2006S13
Swail, Carl	LDC2006S13
Thiel, Dieter	LDC2006S13
Martin, Alvin	LDC2006S31
Pryzbocki, Mark	LDC2006S31
Salor, Ozgul	LDC2006S33
Ciloglu, Tolga	LDC2006S33
Pellom, Bryan	LDC2006S33
Demirekler, Mubeccel	LDC2006S33
Fung, Pascale	LDC2005S15
Huang, Shudong	LDC2005S15
Graff, David	LDC2005S15
Appen Pty Ltd, Sydney, Australia	LDC2007S01
Appen Pty Ltd, Sydney, Australia	LDC2007T01
Bies, Ann	LDC2007T02
Palmer, Martha	LDC2007T02
Mott, Justin	LDC2007T02
Warner, Colin	LDC2007T02
Huang, Chu-Ren	LDC2007T03
Schramm, Mauricio C.	LDC2006S16
Freitas, Luis Felipe R.	LDC2006S16
Zanuz, Adriano	LDC2006S16
Barone, Dante	LDC2006S16
Hladká, Barbora Vidová	LDC2008T22
Hajič, Jan	LDC2008T22
Hana, Jiří	LDC2008T22
Hlaváčová, Jaroslava	LDC2008T22
Mírovský, Jiří	LDC2008T22
Raab, Jan	LDC2008T22
Strassel, Stephanie	LDC2006S42
Martey, Nii	LDC2006S42
Graff, David	LDC2006S42
Brants, Thorsten	LDC2006T13
Franz, Alex	LDC2006T13
Strassel, Stephanie	LDC2006T14
Martey, Nii	LDC2006T14
Graff, David	LDC2006T14
Appen Pty Ltd, Sydney, Australia	LDC2006S43
Martin, Alvin	LDC2006S44
Przybocki, Mark	LDC2006S44
Appen Pty Ltd, Sydney, Australia	LDC2006S45
Appen Pty Ltd, Sydney, Australia	LDC2006T16
Graff, David	LDC2006T17
Maamouri, Mohamed	LDC2007S02
Buckwalter, Tim	LDC2007S02
Graff, David	LDC2007S02
Jin, Hubert	LDC2007S02
Maamouri, Mohamed	LDC2007T04
Buckwalter, Tim	LDC2007T04
Graff, David	LDC2007T04
Jin, Hubert (author)	LDC2007T04
Appen Pty Ltd, Sydney, Australia	LDC2007S03
Graff, David	LDC2007T07
Kong, Junbo	LDC2007T07
Chen, Ke	LDC2007T07
Maeda, Kazuaki	LDC2007T07
Graff, David	LDC2006T18
Kong, Junbo	LDC2006T18
Maeda, Kazuaki	LDC2006T18
Strassel, Stephanie	LDC2006T18
Maamouri, Mohamed	LDC2006S46
Graff, David	LDC2006S46
Cieri, Christopher	LDC2006S46
Maamouri, Mohamed	LDC2006T20
Graff, David	LDC2006T20
Cieri, Christopher	LDC2006T20
Munteanu, Dragos Stefan	LDC2007T08
Marcu, Daniel	LDC2007T08
Munteanu, Dragos Stefan	LDC2007T09
Marcu, Daniel	LDC2007T09
Doran, Christine	LDC2007T19
Henderson, John	LDC2007T19
Palmer, Justin	LDC2007T19
Yeh, Alex	LDC2007T19
Wilkins, Peter	LDC2007V01
Petersohn, Christian	LDC2007V01
Walker, Kevin	LDC2007V01
Berry, Michael W.	LDC2007T22
Browne, Murray	LDC2007T22
Signer, Ben	LDC2007T22
Babko-Malaya, Olga	LDC2007T20
Song, Zhiyi	LDC2007T20
Zakhary, Ramez	LDC2007T20
Medero, Julie	LDC2007T20
Maeda, Kazuaki	LDC2007T20
Strassel, Stephanie	LDC2007T20
Quenot, Georges	LDC2007V02
Over, Paul	LDC2007V02
Walker, Kevin	LDC2007V02
Weischedel, Ralph	LDC2007T21
Pradhan, Sameer	LDC2007T21
Ramshaw, Lance	LDC2007T21
Micciulla, Linnea	LDC2007T21
Palmer, Martha	LDC2007T21
Xue, Nianwen	LDC2007T21
Marcus, Mitchell	LDC2007T21
Taylor, Ann	LDC2007T21
Babko-Malaya, Olga	LDC2007T21
Hovy, Eduard	LDC2007T21
Belvin, Robert	LDC2007T21
Houston, Ann	LDC2007T21
Fiscus, Jonathan G.	LDC2007S11
Garofolo, John S.	LDC2007S11
Le, Audrey	LDC2007S11
Martin, Alvin	LDC2007S11
Sanders, Greg	LDC2007S11
Przybocki, Mark	LDC2007S11
Pallett, David	LDC2007S11
Fiscus, Jonathan G.	LDC2007S12
Garofolo, John S.	LDC2007S12
Le, Audrey	LDC2007S12
Martin, Alvin	LDC2007S12
Sanders, Greg	LDC2007S12
Przybocki, Mark	LDC2007S12
Pallett, David	LDC2007S12
Palmer, Martha	LDC2007T36
Xue, Nianwen	LDC2007T36
Xia, Fei	LDC2007T36
Chiou, Fu-Dong	LDC2007T36
Jiang, Zixin	LDC2007T36
Chang, Meiyu	LDC2007T36
Ma, Xiaoyi	LDC2007T23
Strassel, Stephanie	LDC2007T23
Han, Na-Rae	LDC2003S07
Ko, Eon-Suk	LDC2003S07
Graff, David	LDC2003S07
Strassel, Stephanie	LDC2003S07
Martey, Nii	LDC2003S07
Kim, Myeonchul	LDC2003S07
Canavan, Alexandra	LDC2003S07
Zipperlen, George	LDC2003S07
Graff, David	LDC2007T38
Shobaki, Khaldoun	LDC2007S18
Hosom, John-Paul	LDC2007S18
Cole, Ronald Allan	LDC2007S18
Graff, David	LDC2007T40
Varga, Dániel	LDC2008T01
Németh, László	LDC2008T01
Halácsy, Péter	LDC2008T01
Kornai, András	LDC2008T01
Ma, Xiaoyi	LDC2008T02
Zakhary, Dalal	LDC2008T02
Strassel, Stephanie	LDC2008T02
Mani, Inderjeet	LDC2008T03
Hitzeman, Janet	LDC2008T03
Richer, Justin	LDC2008T03
Harris, David	LDC2008T03
Cole, Ronald Allan	LDC2008S01
Fanty, Mark	LDC2008S01
Noel, M.	LDC2008S01
Lander, T.	LDC2008S01
Cole, Ronald Allan	LDC2008S02
Noel, M.	LDC2008S02
Lander, T.	LDC2008S02
Durham, T.	LDC2008S02
Weischedel, Ralph	LDC2008T04
Pradhan, Sameer	LDC2008T04
Ramshaw, Lance	LDC2008T04
Palmer, Martha	LDC2008T04
Xue, Nianwen	LDC2008T04
Marcus, Mitchell	LDC2008T04
Taylor, Ann	LDC2008T04
Greenberg, Craig	LDC2008T04
Hovy, Eduard	LDC2008T04
Belvin, Robert	LDC2008T04
Houston, Ann	LDC2008T04
Prasad, Rashmi	LDC2008T05
Lee, Alan	LDC2008T05
Dinesh, Nikhil	LDC2008T05
Miltsakaki, Eleni	LDC2008T05
Campion, Geraud	LDC2008T05
Joshi, Aravind	LDC2008T05
Webber, Bonnie	LDC2008T05
Morales, Nicolas	LDC2008S03
Ma, Xiaoyi	LDC2008T06
Strassel, Stephanie	LDC2008T06
Maamouri, Mohamed	LDC2010T08
Bies, Ann	LDC2010T08
Kulick, Seth	LDC2010T08
Krouna, Sondos	LDC2010T08
Gaddeche, Fatma	LDC2010T08
Zaghouani, Wajdi	LDC2010T08
Bhattacharyya, Pushpak	LDC2008L02
Pande, Prabhakar	LDC2008L02
Lupu, Laxmi	LDC2008L02
Xue, Nianwen	LDC2008T07
Palmer, Martha	LDC2008T07
Chang, Meiyu	LDC2008T07
Jiang, Zixin	LDC2008T07
Morgan, John	LDC2008S04
Ackerlind, Sheila	LDC2008S04
Packer, Sterling	LDC2008S04
Ma, Xiaoyi	LDC2008T08
Strassel, Stephanie	LDC2008T08
Ma, Xiaoyi	LDC2008T09
Zakhary, Dalal	LDC2008T09
Strassel, Stephanie	LDC2008T09
Le, Audrey	LDC2008S05
Martin, Alvin	LDC2008S05
Hadfield, Hannah	LDC2008S05
de Villiers, Jacques	LDC2008S05
Hosom, John-Paul	LDC2008S05
van Santen, Jan	LDC2008S05
Cole, Ronald Allan	LDC2008S06
Noel, M.	LDC2008S06
Lander, T.	LDC2008S06
Durham, T.	LDC2008S06
Awoyale, Yiwola	LDC2008L03
Liberman, Mark	LDC2008T20
Mandel, Mark	LDC2008T20
GlaxoSmithKline Pharmaceuticals R&D	LDC2008T20
McClosky, David	LDC2008T13
Charniak, Eugene	LDC2008T13
Johnson, Mark	LDC2008T13
McClosky, David	LDC2008T14
Charniak, Eugene	LDC2008T14
Johnson, Mark	LDC2008T14
Graff, David	LDC2008T15
Graff, David	LDC2008T16
McEnery, Tony	LDC2008T17
Xiao, Richard	LDC2008T17
Ma, Xiaoyi	LDC2008T18
Strassel, Stephanie	LDC2008T18
Cole, Ronald Allan	LDC2008S07
Muthusamy, Y.	LDC2008S07
Fanty, Mark	LDC2008S07
Sandhaus, Evan	LDC2008T19
Liberman, Mark	LDC2008T21
Mandel, Mark	LDC2008T21
White, Peter	LDC2008T21
Meyers, Adam	LDC2008T23
Reeves, Ruth	LDC2008T23
Macleod, Catherine	LDC2008T23
Meyers, Adam	LDC2008T24
Reeves, Ruth	LDC2008T24
Macleod, Catherine	LDC2008T24
Vorhees, Ellen	LDC2008T25
Graff, David	LDC2008T25
Castelletto, Anthony	LDC2008S08
Cole, Ronald Allan	LDC2009S01
Noel, M.	LDC2009S01
Lander, T.	LDC2009S01
Durham, T.	LDC2009S01
Cummins, Fred	LDC2008S09
Grimaldi, Marco	LDC2008S09
Leonard, Thomas	LDC2008S09
Simko, Juraj	LDC2008S09
Ma, Xiaoyi	LDC2009T09
Zakhary, Dalal	LDC2009T09
Strassel, Stephanie	LDC2009T09
Bies, Ann	LDC2009T01
Lee, Haejoong	LDC2009T01
Strassel, Stephanie	LDC2009T01
Walker, Christopher	LDC2009T01
Ma, Xiaoyi	LDC2009T02
Strassel, Stephanie	LDC2009T02
Richie, Carolyn	LDC2009V01
Warburton, Sarah	LDC2009V01
Carter, Megan	LDC2009V01
Ma, Xiaoyi	LDC2009T03
Zakhary, Dalal	LDC2009T03
Strassel, Stephanie	LDC2009T03
Hsu, Wen-Lian	LDC2009T04
Przybocki, Mark	LDC2009T05
Peterson, Kay	LDC2009T05
Bronsart, Sébastien	LDC2009T05
Kudo, Taku	LDC2009T08
Kazawa, Hideto	LDC2009T08
Ma, Xiaoyi	LDC2009T06
Strassel, Stephanie	LDC2009T06
Linguistic Data Consortium	LDC2009T07
Diab, Mona	LDC2009T10
Dorr, Bonnie	LDC2009T10
Levin, Lori	LDC2009T10
Mitamura, Teruko	LDC2009T10
Passonneau, Rebecca	LDC2009T10
Rambow, Owen	LDC2009T10
Ramshaw, Lance	LDC2009T10
Walker, Christopher	LDC2009T11
Song, Zhiyi	LDC2009T11
Strassel, Stephanie	LDC2009T11
Medero, Julie	LDC2009T11
Maeda, Kazuaki	LDC2009T11
Kolar, Jachym	LDC2009S02
Svec, Jan	LDC2009S02
Psutka, Josef	LDC2009S02
Surdeanu, Mihai	LDC2009T12
Johansson, Richard	LDC2009T12
Marquez, Lluis	LDC2009T12
Meyers, Adam	LDC2009T12
Nivre, Joakim	LDC2009T12
Schiffman, Harold	LDC2009L01
Renganathan, Vasu	LDC2009L01
Parker, Robert	LDC2009T13
Graff, David	LDC2009T13
Kong, Junbo	LDC2009T13
Chen, Ke	LDC2009T13
Maeda, Kazuaki	LDC2009T13
Kolar, Jachym	LDC2009T20
Svec, Jan	LDC2009T20
Huang, Chu-Ren	LDC2009T14
Ma, Xiaoyi	LDC2009T15
Strassel, Stephanie	LDC2009T15
Mendonça, Ângelo	LDC2009T21
Graff, David	LDC2009T21
DiPersio, Denise	LDC2009T21
Ma, Xiaoyi	LDC2009T22
Zakhary, Dalal	LDC2009T22
Sauri, Roser	LDC2009T23
Pustejovsky, James	LDC2009T23
Cole, Ronald Allan	LDC2009S03
Noel, M.	LDC2009S03
Lander, T.	LDC2009S03
Durham, T.	LDC2009S03
Weischedel, Ralph	LDC2009T24
Pradhan, Sameer	LDC2009T24
Ramshaw, Lance	LDC2009T24
Kaufman, Jeff	LDC2009T24
Franchini, Michelle	LDC2009T24
El-Bachouti, Mohammed	LDC2009T24
Xue, Nianwen	LDC2009T24
Palmer, Martha	LDC2009T24
Marcus, Mitchell	LDC2009T24
Taylor, Ann	LDC2009T24
Greenberg, Craig	LDC2009T24
Hovy, Eduard	LDC2009T24
Belvin, Robert	LDC2009T24
Houston, Ann	LDC2009T24
Brants, Thorsten	LDC2009T25
Franz, Alex	LDC2009T25
Calhoun, Sasha	LDC2009T26
Carletta, Jean	LDC2009T26
Jurafsky, Daniel	LDC2009T26
Nissim, Malvina	LDC2009T26
Ostendorf, Mari	LDC2009T26
Zaenen, Annie	LDC2009T26
Parker, Robert	LDC2009T27
Graff, David	LDC2009T27
Chen, Ke	LDC2009T27
Kong, Junbo	LDC2009T27
Maeda, Kazuaki	LDC2009T27
Mendonça, Ângelo	LDC2009T28
Graff, David	LDC2009T28
DiPersio, Denise	LDC2009T28
Martin, Alvin	LDC2009S04
Le, Audrey	LDC2009S04
Martin, Alvin	LDC2009S05
Le, Audrey	LDC2009S05
Graff, David	LDC2009S05
van Santen, Jan	LDC2009S05
Kan, Min-Yen	LDC2009T29
Bird, Steven	LDC2009T29
Parker, Robert	LDC2009T30
Graff, David	LDC2009T30
Chen, Ke	LDC2009T30
Kong, Junbo	LDC2009T30
Maeda, Kazuaki	LDC2009T30
NIST Multimodal Information Group	LDC2010T01
Kolar, Jachym	LDC2010T02
Svec, Jan	LDC2010T02
Forsyth, Eric	LDC2010T05
Lin, Jane	LDC2010T05
Martell, Craig	LDC2010T05
Ma, Xiaoyi	LDC2010T03
Strassel, Stephanie	LDC2010T03
Graff, David	LDC2010T04
Huang, Shudong	LDC2010T04
Cartagena, Ingrid	LDC2010T04
Walker, Kevin	LDC2010T04
Cieri, Christopher	LDC2010T04
Graff, David	LDC2010S01
Huang, Shudong	LDC2010S01
Cartagena, Ingrid	LDC2010S01
Walker, Kevin	LDC2010S01
Cieri, Christopher	LDC2010S01
Wang, Xiaoman	LDC2010T09
Doran, Christine	LDC2010T09
Hitzeman, Janet	LDC2010T09
Mani, Inderjeet	LDC2010T09
Liu, Fang	LDC2010T06
Yang, Meng	LDC2010T06
Lin, Dekang	LDC2010T06
Bauer, Patrick	LDC2010S02
Fingscheidt, Tim	LDC2010S02
Linguistic Data Consortium	LDC2002T43
Xue, Nianwen	LDC2010T07
Jiang, Zixin	LDC2010T07
Zhong, Xiuhong	LDC2010T07
Palmer, Martha	LDC2010T07
Xia, Fei	LDC2010T07
Chiou, Fu-Dong	LDC2010T07
Chang, Meiyu	LDC2010T07
NIST Multimodal Information Group	LDC2010S03
NIST Multimodal Information Group	LDC2010T10
NIST Multimodal Information Group	LDC2010T11
NIST Multimodal Information Group	LDC2010T12
Over, Paul	LDC2010V01
Quenot, Georges	LDC2010V01
Walker, Kevin	LDC2010V01
Maamouri, Mohamed	LDC2010L01
Graff, David	LDC2010L01
Bouziri, Basma	LDC2010L01
Krouna, Sondos	LDC2010L01
Bies, Ann	LDC2010L01
Kulick, Seth	LDC2010L01
Maamouri, Mohamed	LDC2010T13
Bies, Ann	LDC2010T13
Kulick, Seth	LDC2010T13
Gaddeche, Fatma	LDC2010T13
Mekki, Wigdan	LDC2010T13
Krouna, Sondos	LDC2010T13
Bouziri, Basma	LDC2010T13
Zaghouani, Wajdi	LDC2010T13
Over, Paul	LDC2010V02
Quenot, Georges	LDC2010V02
Walker, Kevin	LDC2010V02
Silva, Shermin de	LDC2010S05
NIST Multimodal Information Group	LDC2010T14
Linguistic Data Consortium	LDC2010S07
Tomanek, Katrin	LDC2010T15
Hahn, Udo	LDC2010T15
Bali, Kalika	LDC2010T16
Choudhury, Monojit	LDC2010T16
Biswas, Priyanka	LDC2010T16
NIST Multimodal Information Group	LDC2010T17
Mendonça, Ângelo	LDC2010T19
Cole, Andy	LDC2010T19
Walker, Kevin	LDC2010T19
DiPersio, Denise	LDC2010T19
Ferro, Lisa	LDC2010T18
Gerber, Laurie	LDC2010T18
Mani, Inderjeet	LDC2010T18
Sundheim, Beth	LDC2010T18
Wilson, George	LDC2010T18
Garofolo, John S.	LDC93S1W
Lamel, Lori F.	LDC93S1W
Fisher, William M.	LDC93S1W
Fiscus, Jonathan G.	LDC93S1W
Pallett, David S.	LDC93S1W
Dahlgren, Nancy L.	LDC93S1W
Zue, Victor	LDC93S1W
NIST Multimodal Information Group	LDC2010T21
NIST Multimodal Information Group	LDC2010T23
Bali, Kalika	LDC2010T24
Choudhury, Monojit	LDC2010T24
Biswas, Priyanka	LDC2010T24
Jha, Girish Nath	LDC2010T24
Choudhary, Narayan Kumar	LDC2010T24
Sharma, Maansi	LDC2010T24
Ide, Nancy	LDC2010T22
Suderman, Keith	LDC2010T22
Baker, Collin	LDC2010T22
Passonneau, Rebecca	LDC2010T22
Fellbaum, Christiane	LDC2010T22
Recasens, Marta	LDC2011T01
Marquez, Lluis	LDC2011T01
Sapena, Emili	LDC2011T01
Martí, M. Antònia	LDC2011T01
Taulé, Mariona	LDC2011T01
Doran, Christine	LDC2011T02
Mani, Inderjeet	LDC2011T02
Clancy, Seamus	LDC2011T02
Hitzeman, Janet	LDC2011T02
Weischedel, Ralph	LDC2011T03
Palmer, Martha	LDC2011T03
Marcus, Mitchell	LDC2011T03
Hovy, Eduard	LDC2011T03
Pradhan, Sameer	LDC2011T03
Ramshaw, Lance	LDC2011T03
Xue, Nianwen	LDC2011T03
Taylor, Ann	LDC2011T03
Kaufman, Jeff	LDC2011T03
Franchini, Michelle	LDC2011T03
El-Bachouti, Mohammed	LDC2011T03
Belvin, Robert	LDC2011T03
Houston, Ann	LDC2011T03
Jha, Girish Nath	LDC2011T04
Gopal, Madhav	LDC2011T04
Mishra, Diwakar	LDC2011T04
NIST Multimodal Information Group	LDC2011T05
Linguistic Data Consortium	LDC2011T05
Kasturi, Rangachar	LDC2011V01
Goldgof, Dmitry	LDC2011V01
Manohar, Vasant	LDC2011V01
Soundararajan, Padmanabhan	LDC2011V01
Garofolo, John S.	LDC2011V01
Bowers, Rachel	LDC2011V01
Rose, Travis	LDC2011V01
Fiscus, Jonathan G.	LDC2011V01
Michel, Martial	LDC2011V01
Kasturi, Rangachar	LDC2011V02
Goldgof, Dmitry	LDC2011V02
Manohar, Vasant	LDC2011V02
Soundararajan, Padmanabhan	LDC2011V02
Garofolo, John S.	LDC2011V02
Bowers, Rachel	LDC2011V02
Rose, Travis	LDC2011V02
Fiscus, Jonathan G.	LDC2011V02
Michel, Martial	LDC2011V02
Zweig, Geoffrey	LDC2011T06
Karakos, Damianos	LDC2011T06
Nguyen, Patrick	LDC2011T06
Kasturi, Rangachar	LDC2011V03
Goldgof, Dmitry	LDC2011V03
Manohar, Vasant	LDC2011V03
Soundararajan, Padmanabhan	LDC2011V03
Garofolo, John S.	LDC2011V03
Bowers, Rachel	LDC2011V03
Rose, Travis	LDC2011V03
Fiscus, Jonathan G.	LDC2011V03
Michel, Martial	LDC2011V03
NIST Multimodal Information Group	LDC2011S01
Parker, Robert	LDC2011T07
Graff, David	LDC2011T07
Kong, Junbo	LDC2011T07
Chen, Ke	LDC2011T07
Maeda, Kazuaki	LDC2011T07
Hachey, Benjamin	LDC2011T08
Grover, Claire	LDC2011T08
Tobin, Richard	LDC2011T08
NIST Multimodal Information Group	LDC2011S02
NIST Multimodal Information Group	LDC2011S03
Kasturi, Rangachar	LDC2011V04
Goldgof, Dmitry	LDC2011V04
Manohar, Vasant	LDC2011V04
Soundararajan, Padmanabhan	LDC2011V04
Garofolo, John S.	LDC2011V04
Bowers, Rachel	LDC2011V04
Rose, Travis	LDC2011V04
Fiscus, Jonathan G.	LDC2011V04
Michel, Martial	LDC2011V04
NIST Multimodal Information Group	LDC2011S04
Maamouri, Mohamed	LDC2011T09
Bies, Ann	LDC2011T09
Kulick, Seth	LDC2011T09
Gaddeche, Fatma	LDC2011T09
Mekki, Wigdan	LDC2011T09
Krouna, Sondos	LDC2011T09
Bouziri, Basma	LDC2011T09
Zaghouani, Wajdi	LDC2011T09
NIST Multimodal Information Group	LDC2011S07
Kasturi, Rangachar	LDC2011V06
Goldgof, Dmitry	LDC2011V06
Manohar, Vasant	LDC2011V06
Soundararajan, Padmanabhan	LDC2011V06
Garofolo, John S.	LDC2011V06
Bowers, Rachel	LDC2011V06
Rose, Travis	LDC2011V06
Fiscus, Jonathan G.	LDC2011V06
Michel, Martial	LDC2011V06
Graff, David	LDC2011T10
Mendonça, Ângelo	LDC2011T10
DiPersio, Denise	LDC2011T10
Kasturi, Rangachar	LDC2011V05
Goldgof, Dmitry	LDC2011V05
Manohar, Vasant	LDC2011V05
Soundararajan, Padmanabhan	LDC2011V05
Garofolo, John S.	LDC2011V05
Bowers, Rachel	LDC2011V05
Rose, Travis	LDC2011V05
Fiscus, Jonathan G.	LDC2011V05
Michel, Martial	LDC2011V05
Nieto, Marta Guerrero	LDC2012T01
Sauri, Roser	LDC2012T01
NIST Multimodal Information Group	LDC2011S08
Parker, Robert	LDC2011T11
Graff, David	LDC2011T11
Chen, Ke	LDC2011T11
Kong, Junbo	LDC2011T11
Maeda, Kazuaki	LDC2011T11
Mendonça, Ângelo	LDC2011T12
Jaquette, Daniel	LDC2011T12
Graff, David	LDC2011T12
DiPersio, Denise	LDC2011T12
NIST Multimodal Information Group	LDC2011S09
Parker, Robert	LDC2011T13
Graff, David	LDC2011T13
Chen, Ke	LDC2011T13
Kong, Junbo	LDC2011T13
Maeda, Kazuaki	LDC2011T13
NIST Multimodal Information Group	LDC2011S10
NIST Multimodal Information Group	LDC2011S11
Rudzicz, Frank	LDC2012S02
Hirst, Graeme	LDC2012S02
van Lieshout, Pascal	LDC2012S02
Penn, Gerald	LDC2012S02
Shein, Fraser	LDC2012S02
Namasivayam, Aravind	LDC2012S02
Wolff, Talya	LDC2012S02
Kretzschmar, William A., Jr.	LDC2012S03
Bounds, Paulina	LDC2012S03
Hettel, Jacqueline	LDC2012S03
Coats, Steven	LDC2012S03
Pederson, Lee	LDC2012S03
Opas-Hänninen, Lisa Lena	LDC2012S03
Juuso, Ilkka	LDC2012S03
Seppänen, Tapio	LDC2012S03
Kobayashi, Masato	LDC2012S04
Tirkey, Bablu	LDC2012S04
Bies, Ann	LDC2012T02
Mott, Justin	LDC2012T02
Warner, Colin	LDC2012T02
Kulick, Seth	LDC2012T02
Ramabhadran, Bhuvana	LDC2012S05
Gustman, Samuel	LDC2012S05
Byrne, William	LDC2012S05
Hajič, Jan	LDC2012S05
Oard, Douglas	LDC2012S05
Olsson, J. Scott	LDC2012S05
Picheny, Michael	LDC2012S05
Psutka, Josef	LDC2012S05
Kasturi, Rangachar	LDC2012V01
Goldgof, Dmitry	LDC2012V01
Manohar, Vasant	LDC2012V01
Soundararajan, Padmanabhan	LDC2012V01
Garofolo, John S.	LDC2012V01
Bowers, Rachel	LDC2012V01
Rose, Travis	LDC2012V01
Fiscus, Jonathan G.	LDC2012V01
Michel, Martial	LDC2012V01
Hajič, Jan	LDC2012T03
Maria Antonia Martí	LDC2012T03
Marquez, Lluis	LDC2012T03
Nivre, Joakim	LDC2012T03
Štěpánek, Jan	LDC2012T03
Padó, Sebastian	LDC2012T03
Straňák, Pavel	LDC2012T03
Hajič, Jan	LDC2012T04
Ciaramita, Massimiliano	LDC2012T04
Johansson, Richard	LDC2012T04
Meyers, Adam	LDC2012T04
Štěpánek, Jan	LDC2012T04
Nivre, Joakim	LDC2012T04
Straňák, Pavel	LDC2012T04
Surdeanu, Mihai	LDC2012T04
Xue, Nianwen (Bert)	LDC2012T04
Zhang, Yi	LDC2012T04
Che, Wanxiang	LDC2012T05
Li, Zhenghua	LDC2012T05
Liu, Ting	LDC2012T05
Friedman, Lauren	LDC2012T06
Jin, Hubert	LDC2012T06
Song, Zhiyi	LDC2012T06
Krug, Gary	LDC2012T06
Strassel, Stephanie	LDC2012T06
Saraçlar, Murat	LDC2012S06
Maamouri, Mohamed	LDC2012T07
Bies, Ann	LDC2012T07
Kulick, Seth	LDC2012T07
Krouna, Sondos	LDC2012T07
Tabassi, Dalila	LDC2012T07
Ciul, Michael	LDC2012T07
Hajič, Jan	LDC2012T08
Hajičová, Eva	LDC2012T08
Panevová, Jarmila	LDC2012T08
Sgall, Petr	LDC2012T08
Cinková, Silvie	LDC2012T08
Fučíková, Eva	LDC2012T08
Mikulová, Marie	LDC2012T08
Pajas, Petr	LDC2012T08
Popelka, Jan	LDC2012T08
Semecký, Jiří	LDC2012T08
Šindlerová, Jana	LDC2012T08
Štěpánek, Jan	LDC2012T08
Toman, Josef	LDC2012T08
Urešová, Zdeňka	LDC2012T08
Žabokrtský, Zdeněk	LDC2012T08
Raytheon BBN Technologies	LDC2012T09
Linguistic Data Consortium	LDC2012T09
Software, Sakhr	LDC2012T09
Sauri, Roser	LDC2012T10
Badia, Toni	LDC2012T10
Carvalho, Vitor R.	LDC2012T11
Kiran, Yigit	LDC2012T11
Borthwick, Andrew	LDC2012T11
Sauri, Roser	LDC2012T12
Badia, Toni	LDC2012T12
Bies, Ann	LDC2012T13
Mott, Justin	LDC2012T13
Warner, Colin	LDC2012T13
Kulick, Seth	LDC2012T13
Friedman, Lauren	LDC2012T14
Jin, Hubert	LDC2012T14
Song, Zhiyi	LDC2012T14
Krug, Gary	LDC2012T14
Strassel, Stephanie	LDC2012T14
Li, Xuansong	LDC2012T16
Grimes, Stephen	LDC2012T16
Strassel, Stephanie	LDC2012T16
Lincoln, Mike	LDC2014S03
Zwyssig, Erich	LDC2014S03
McCowan, Iain	LDC2014S03
Lee, David	LDC2012T15
Ismael, Safa	LDC2012T15
Grimes, Stephen	LDC2012T15
Doermann, Dave	LDC2012T15
Strassel, Stephanie	LDC2012T15
Song, Zhiyi	LDC2012T15
Bamba, Moussa	LDC2013L01
Friedman, Lauren	LDC2012T17
Jin, Hubert	LDC2012T17
Song, Zhiyi	LDC2012T17
Krug, Gary	LDC2012T17
Strassel, Stephanie	LDC2012T17
Friedman, Lauren	LDC2012T18
Jin, Hubert	LDC2012T18
Song, Zhiyi	LDC2012T18
Krug, Gary	LDC2012T18
Strassel, Stephanie	LDC2012T18
Glenn, Meghan	LDC2013T04
Lee, Haejoong	LDC2013T04
Strassel, Stephanie	LDC2013T04
Maeda, Kazuaki	LDC2013T04
Friedman, Lauren	LDC2013T01
Jin, Hubert	LDC2013T01
Song, Zhiyi	LDC2013T01
Krug, Gary	LDC2013T01
Strassel, Stephanie	LDC2013T01
Li, Xuansong	LDC2012T20
Grimes, Stephen	LDC2012T20
Strassel, Stephanie	LDC2012T20
Li, Xuansong	LDC2013T05
Grimes, Stephen	LDC2013T05
Strassel, Stephanie	LDC2013T05
NIST Multimodal Information Group	LDC2013T03
Walker, Kevin	LDC2013S02
Caruso, Christopher	LDC2013S02
Maeda, Kazuaki	LDC2013S02
DiPersio, Denise	LDC2013S02
Strassel, Stephanie	LDC2013S02
Napoles, Courtney	LDC2012T21
Gormley, Matthew R.	LDC2012T21
Van Durme, Benjamin	LDC2012T21
Li, Xuansong	LDC2012T24
Grimes, Stephen	LDC2012T24
Strassel, Stephanie	LDC2012T24
Doran, Christine	LDC2012T22
Burger, John D.	LDC2012T22
Henderson, John C.	LDC2012T22
Zarrella, Guido	LDC2012T22
Doran, Christine	LDC2012T23
Burger, John D.	LDC2012T23
Henderson, John C.	LDC2012T23
Zarrella, Guido	LDC2012T23
Doran, Christine	LDC2013T02
Burger, John D.	LDC2013T02
Henderson, John C.	LDC2013T02
Zarrella, Guido	LDC2013T02
Franz, Alex	LDC2013T06
Kumar, Shankar	LDC2013T06
Brants, Thorsten	LDC2013T06
Brandschain, Linda	LDC2013S03
Graff, David	LDC2013S03
Walker, Kevin	LDC2013S03
Glenn, Meghan	LDC2013T08
Lee, Haejoong	LDC2013T08
Strassel, Stephanie	LDC2013T08
Maeda, Kazuaki	LDC2013T08
Walker, Kevin	LDC2013S04
Caruso, Christopher	LDC2013S04
Maeda, Kazuaki	LDC2013S04
DiPersio, Denise	LDC2013S04
Strassel, Stephanie	LDC2013S04
Lee, David	LDC2013T09
Ismael, Safa	LDC2013T09
Doermann, Dave	LDC2013T09
Strassel, Stephanie	LDC2013T09
Song, Zhiyi	LDC2013T09
Grimes, Stephen	LDC2013T09
Li, Xuansong	LDC2013T10
Grimes, Stephen	LDC2013T10
Ismael, Safa	LDC2013T10
Zakhary, Dalal	LDC2013T10
Strassel, Stephanie	LDC2013T10
Maamouri, Mohamed	LDC2013T10
Bies, Ann	LDC2013T10
Brandschain, Linda	LDC2013S05
Graff, David	LDC2013S05
Friedman, Lauren	LDC2013T11
Jin, Hubert	LDC2013T11
Song, Zhiyi	LDC2013T11
Krug, Gary	LDC2013T11
Strassel, Stephanie	LDC2013T11
Ide, Nancy	LDC2013T12
Suderman, Keith	LDC2013T12
Baker, Collin	LDC2013T12
Passonneau, Rebecca	LDC2013T12
Fellbaum, Christiane	LDC2013T12
Linguistic Data Consortium	LDC2013S06
Friedman, Lauren	LDC2013T16
Jin, Hubert	LDC2013T16
Song, Zhiyi	LDC2013T16
Krug, Gary	LDC2013T16
Strassel, Stephanie	LDC2013T16
Lee, David	LDC2013T15
Ismael, Safa	LDC2013T15
Doermann, Dave	LDC2013T15
Strassel, Stephanie	LDC2013T15
Song, Zhiyi	LDC2013T15
Grimes, Stephen	LDC2013T15
Walker, Kevin	LDC2013S07
Caruso, Christopher	LDC2013S07
Maeda, Kazuaki	LDC2013S07
DiPersio, Denise	LDC2013S07
Strassel, Stephanie	LDC2013S07
Glenn, Meghan	LDC2013T17
Lee, Haejoong	LDC2013T17
Strassel, Stephanie	LDC2013T17
Maeda, Kazuaki	LDC2013T17
Agirre, Eneko	LDC2013T18
Cer, Daniel	LDC2013T18
Diab, Mona	LDC2013T18
Gonzalez-Agirre, Aitor	LDC2013T18
Guo, Weiwei	LDC2013T18
Glenn, Meghan	LDC2013T20
Lee, Haejoong	LDC2013T20
Strassel, Stephanie	LDC2013T20
Maeda, Kazuaki	LDC2013T20
Walker, Kevin	LDC2013S08
Caruso, Christopher	LDC2013S08
Maeda, Kazuaki	LDC2013S08
DiPersio, Denise	LDC2013S08
Strassel, Stephanie	LDC2013S08
Weischedel, Ralph	LDC2013T19
Palmer, Martha	LDC2013T19
Marcus, Mitchell	LDC2013T19
Hovy, Eduard	LDC2013T19
Pradhan, Sameer	LDC2013T19
Ramshaw, Lance	LDC2013T19
Xue, Nianwen	LDC2013T19
Taylor, Ann	LDC2013T19
Kaufman, Jeff	LDC2013T19
Franchini, Michelle	LDC2013T19
El-Bachouti, Mohammed	LDC2013T19
Belvin, Robert	LDC2013T19
Houston, Ann	LDC2013T19
Miller, David	LDC2014T01
Graff, David	LDC2014T01
Cieri, Christopher	LDC2014T01
Jones, Karen	LDC2014T01
Strassel, Stephanie	LDC2014T01
Canavan, Alexandra	LDC2014S01
Zipperlen, George	LDC2014S01
Graff, David	LDC2014S01
Li, Xuansong	LDC2014T03
Grimes, Stephen	LDC2014T03
Ismael, Safa	LDC2014T03
Strassel, Stephanie	LDC2014T03
Maamouri, Mohamed	LDC2014T03
Bies, Ann	LDC2014T03
NIST Multimodal Information Group	LDC2014T02
Alsulaiman, Mansour	LDC2014S02
Muhammad, Ghulam	LDC2014S02
Abdelkader, Bencherif Mohamed	LDC2014S02
Mahmood, Awais	LDC2014S02
Ali, Zulfiqar	LDC2014S02
Friedman, Lauren	LDC2014T04
Jin, Hubert	LDC2014T04
Song, Zhiyi	LDC2014T04
Krug, Gary	LDC2014T04
Strassel, Stephanie	LDC2014T04
Li, Xuansong	LDC2014T05
Grimes, Stephen	LDC2014T05
Ismael, Safa	LDC2014T05
Strassel, Stephanie	LDC2014T05
Blanchard, Daniel	LDC2014T06
Tetreault, Joel	LDC2014T06
Higgins, Derrick	LDC2014T06
Cahill, Aoife	LDC2014T06
Chodorow, Martin	LDC2014T06
Liu, Jun	LDC2014T07
Wei, Bifan	LDC2014T07
Ma, Jian	LDC2014T07
Wang, Chenchen	LDC2014T07
Psutka, Josef V.	LDC2014S04
Psutka, Josef	LDC2014S04
Vlasta, Radová	LDC2014S04
Ircing, Pavel	LDC2014S04
Jindřich, Matoušek	LDC2014S04
Luděk, Müller	LDC2014S04
Li, Xuansong	LDC2014T08
Grimes, Stephen	LDC2014T08
Ismael, Safa	LDC2014T08
Strassel, Stephanie	LDC2014T08
Maamouri, Mohamed	LDC2014T08
Bies, Ann	LDC2014T08
Dreyer, Markus	LDC2014T09
Marcu, Daniel	LDC2014T09
Li, Xuansong	LDC2014T10
Grimes, Stephen	LDC2014T10
Ismael, Safa	LDC2014T10
Strassel, Stephanie	LDC2014T10
Byrne, William	LDC2014S05
Knodt, Eva	LDC2014S05
Bernstein, Jared	LDC2014S05
Emami, Farzhad	LDC2014S05
Friedman, Lauren	LDC2014T11
Jin, Hubert	LDC2014T11
Song, Zhiyi	LDC2014T11
Krug, Gary	LDC2014T11
Strassel, Stephanie	LDC2014T11
Knight, Kevin	LDC2014T12
Baranescu, Laura	LDC2014T12
Bonial, Claire	LDC2014T12
Georgescu, Madalina	LDC2014T12
Griffitt, Kira	LDC2014T12
Hermjakob, Ulf	LDC2014T12
Marcu, Daniel	LDC2014T12
Palmer, Martha	LDC2014T12
Schneider, Nathan	LDC2014T12
Song, Zhiyi	LDC2014T13
Lee, David	LDC2014T13
Grimes, Stephen	LDC2014T13
Doermann, Dave	LDC2014T13
Strassel, Stephanie	LDC2014T13
Martin, Alvin	LDC2014S06
Greenberg, Craig	LDC2014S06
Graff, David	LDC2014S06
Walker, Kevin	LDC2014S06
Brandschain, Linda	LDC2014S06
Li, Xuansong	LDC2014T14
Grimes, Stephen	LDC2014T14
Ismael, Safa	LDC2014T14
Strassel, Stephanie	LDC2014T14
Friedman, Lauren	LDC2014T15
Jin, Hubert	LDC2014T15
Song, Zhiyi	LDC2014T15
Krug, Gary	LDC2014T15
Strassel, Stephanie	LDC2014T15
Simpson, Heather	LDC2014T16
Ellis, Joe	LDC2014T16
Parker, Robert	LDC2014T16
Strassel, Stephanie	LDC2014T16
Glenn, Meghan	LDC2014T17
Lee, Haejoong	LDC2014T17
Strassel, Stephanie	LDC2014T17
Maeda, Kazuaki	LDC2014T17
Walker, Kevin	LDC2014S07
Caruso, Christopher	LDC2014S07
Maeda, Kazuaki	LDC2014S07
DiPersio, Denise	LDC2014S07
Strassel, Stephanie	LDC2014S07
Song, Zhiyi	LDC2014T18
Maeda, Kazuaki	LDC2014T18
Walker, Christopher	LDC2014T18
Strassel, Stephanie	LDC2014T18
Friedman, Lauren	LDC2014T20
Jin, Hubert	LDC2014T20
Song, Zhiyi	LDC2014T20
Krug, Gary	LDC2014T20
Strassel, Stephanie	LDC2014T20
Li, Xuansong	LDC2014T19
Grimes, Stephen	LDC2014T19
Ismael, Safa	LDC2014T19
Strassel, Stephanie	LDC2014T19
Zhou, Yuping	LDC2014T21
Lu, Jill	LDC2014T21
Zhang, Jennifer	LDC2014T21
Xue, Nianwen	LDC2014T21
Chay, Kevin	LDC2014S08
Elizalde, Cecilia	LDC2014S08
Ziemski, Michal	LDC2014S08
Li, Xuansong	LDC2014T22
Grimes, Stephen	LDC2014T22
Ismael, Safa	LDC2014T22
Strassel, Stephanie	LDC2014T22
Post, Matt	LDC2014T23
Kumar, Gaurav	LDC2014T23
Lopez, Adam	LDC2014T23
Karakos, Damianos	LDC2014T23
Callison-Burch, Chris	LDC2014T23
Khudanpur, Sanjeev	LDC2014T23
Salvetti, Franco	LDC2014T24
Li, Xuansong	LDC2014T25
Grimes, Stephen	LDC2014T25
Strassel, Stephanie	LDC2014T25
Friedman, Lauren	LDC2014T26
Jin, Hubert	LDC2014T26
Song, Zhiyi	LDC2014T26
Krug, Gary	LDC2014T26
Strassel, Stephanie	LDC2014T26
Mesquita, Filipe	LDC2014T27
Schmidek, Jordan	LDC2014T27
Barbosa, Denilson	LDC2014T27
Walker, Kevin	LDC2014S09
Caruso, Christopher	LDC2014S09
Maeda, Kazuaki	LDC2014S09
DiPersio, Denise	LDC2014S09
Strassel, Stephanie	LDC2014S09
Glenn, Meghan	LDC2014T28
Lee, Haejoong	LDC2014T28
Strassel, Stephanie	LDC2014T28
Maeda, Kazuaki	LDC2014T28
Fernández, Ana	LDC2015T02
Vázquez, Gloria	LDC2015T02
Glenn, Meghan	LDC2015T01
Lee, Haejoong	LDC2015T01
Strassel, Stephanie	LDC2015T01
Maeda, Kazuaki	LDC2015T01
Walker, Kevin	LDC2015S01
Caruso, Christopher	LDC2015S01
Maeda, Kazuaki	LDC2015S01
DiPersio, Denise	LDC2015S01
Strassel, Stephanie	LDC2015S01
Oard, Douglas	LDC2015T03
Webber, William	LDC2015T03
Kirsch, David A.	LDC2015T03
Golitsynskiy, Sergey	LDC2015T03
Li, Xuansong	LDC2015T04
Grimes, Stephen	LDC2015T04
Strassel, Stephanie	LDC2015T04
Walker, Kevin	LDC2015S02
Ma, Xiaoyi	LDC2015S02
Graff, David	LDC2015S02
Strassel, Stephanie	LDC2015S02
Sessa, Stephanie	LDC2015S02
Jones, Karen	LDC2015S02
Nanyang Technological University	LDC2015S04
Universiti Sains Malaysia	LDC2015S04
Song, Zhiyi	LDC2015T05
Krug, Gary	LDC2015T05
Strassel, Stephanie	LDC2015T05
Li, Xuansong	LDC2015T06
Grimes, Stephen	LDC2015T06
Strassel, Stephanie	LDC2015T06
Ma, Xiaoyi	LDC2015T06
Xue, Nianwen	LDC2015T06
Marcus, Mitch	LDC2015T06
Taylor, Ann	LDC2015T06
Yuan, Jiahong	LDC2015S05
Ryant, Neville	LDC2015S05
Liberman, Mark	LDC2015S05
Alwan, Abeer	LDC2015S03
Lulich, Steven M.	LDC2015S03
Sommers, Mitchell S.	LDC2015S03
Song, Zhiyi	LDC2015T07
Krug, Gary	LDC2015T07
Strassel, Stephanie	LDC2015T07
Fernández, Ana	LDC2015L01
Vázquez, Gloria	LDC2015L01
Kübler, Sandra	LDC2015T08
Maier, Wolfgang	LDC2015T08
Hinrichs, Erhard	LDC2015T08
Glenn, Meghan	LDC2015T09
Lee, Haejoong	LDC2015T09
Strassel, Stephanie	LDC2015T09
Maeda, Kazuaki	LDC2015T09
Walker, Kevin	LDC2015S06
Caruso, Christopher	LDC2015S06
Maeda, Kazuaki	LDC2015S06
DiPersio, Denise	LDC2015S06
Strassel, Stephanie	LDC2015S06
Mena, Carlos Daniel Hernández	LDC2015S07
Herrera, Abel	LDC2015S07
Das, Debopam	LDC2015T10
Taboada, Maite	LDC2015T10
McFetridge, Paul	LDC2015T10
Bulgarian Academy of Sciences	LDC2015T11
Eberhard-Karls-Universität	LDC2015T11
Copenhagen Business School	LDC2015T11
Danish Society for Language and Literature	LDC2015T11
University of Groningen	LDC2015T11
Universität Potsdam	LDC2015T11
Universität des Saarlandes	LDC2015T11
Universität Stuttgart	LDC2015T11
Eberhard-Karls-Universität Tübingen	LDC2015T11
University of Southern Denmark	LDC2015T11
SINTEF Telcom & Informatics	LDC2015T11
Jožef Stefan Institute	LDC2015T11
Charles University	LDC2015T11
The Fran Ramovš Institute for the Slovenian Language	LDC2015T11
University of Barcelona	LDC2015T11
Uppsala University	LDC2015T11
Växjŏ University	LDC2015T11
Middle East Technical University	LDC2015T11
Charles University	LDC2015T12
Bies, Ann	LDC2015T13
Mott, Justin	LDC2015T13
Warner, Colin	LDC2015T13
Song, Zhiyi	LDC2015T14
Krug, Gary	LDC2015T14
Strassel, Stephanie	LDC2015T14
Brennan, Susan E.	LDC2015S08
Schuhmann, Katharina S.	LDC2015S08
Batres, Karla M.	LDC2015S08
Sezer, Taner	LDC2015T15
Sezer, Türker	LDC2015T15
Song, Zhiyi	LDC2015T21
Krug, Gary	LDC2015T21
Strassel, Stephanie	LDC2015T21
Linguistic Data Consortium	LDC2015S09
Alfaifi, Abdullah	LDC2015S10
Atwell, Eric	LDC2015S10
Walker, Kevin	LDC2015S11
Caruso, Christopher	LDC2015S11
Maeda, Kazuaki	LDC2015S11
DiPersio, Denise	LDC2015S11
Strassel, Stephanie	LDC2015S11
Glenn, Meghan	LDC2015T16
Lee, Haejoong	LDC2015T16
Strassel, Stephanie	LDC2015T16
Maeda, Kazuaki	LDC2015T16
Walker, Christopher	LDC2015T20
Song, Zhiyi	LDC2015T20
Maeda, Kazuaki	LDC2015T20
Strassel, Stephanie	LDC2015T20
Sauri, Roser	LDC2015T17
Domingo, Judith	LDC2015T17
Badia, Toni	LDC2015T17
Li, Xuansong	LDC2015T18
Grimes, Stephen	LDC2015T18
Strassel, Stephanie	LDC2015T18
Song, Zhiyi	LDC2015T19
Krug, Gary	LDC2015T19
Strassel, Stephanie	LDC2015T19
Fay, Johanna	LDC2015T22
Schatz, Thomas	LDC2015S12
Cao, Xuan-Nga	LDC2015S12
Kolesnikova, Anna	LDC2015S12
Bergvelt, Tomas	LDC2015S12
Wright, Jonathan	LDC2015S12
Dupoux, Emmanuel	LDC2015S12
Mahmoud, Sabri A.	LDC2015T23
Ahmad, Irfan	LDC2015T23
Al-Khatib, Wasﬁ G.	LDC2015T23
Alshayeb, Mohammad	LDC2015T23
Parvez, Mohammad Tanvir	LDC2015T23
Märgner, Volker	LDC2015T23
Fink, Gernot A.	LDC2015T23
Song, Zhiyi	LDC2015T24
Krug, Gary	LDC2015T24
Strassel, Stephanie	LDC2015T24
Glenn, Meghan	LDC2015T25
Lee, Haejoong	LDC2015T25
Strassel, Stephanie	LDC2015T25
Maeda, Kazuaki	LDC2015T25
Walker, Kevin	LDC2015S13
Caruso, Christopher	LDC2015S13
Maeda, Kazuaki	LDC2015S13
DiPersio, Denise	LDC2015S13
Strassel, Stephanie	LDC2015S13
Berkling, Kay	LDC2016T01
Sauri, Roser	LDC2016T03
Domingo, Judith	LDC2016T03
Badia, Toni	LDC2016T03
Maamouri, Mohamed	LDC2016T02
Bies, Ann	LDC2016T02
Kulick, Seth	LDC2016T02
Krouna, Sondos	LDC2016T02
Tabassi, Dalila	LDC2016T02
Ciul, Michael	LDC2016T02
Song, Zhiyi	LDC2016T04
Krug, Gary	LDC2016T04
Strassel, Stephanie	LDC2016T04
Tracey, Jennifer	LDC2016T05
Lee, Haejoong	LDC2016T05
Strassel, Stephanie	LDC2016T05
Song, Zhiyi	LDC2016T05
Glenn, Meghan	LDC2016T06
Lee, Haejoong	LDC2016T06
Strassel, Stephanie	LDC2016T06
Maeda, Kazuaki	LDC2016T06
Walker, Kevin	LDC2016S01
Caruso, Christopher	LDC2016S01
Maeda, Kazuaki	LDC2016S01
DiPersio, Denise	LDC2016S01
Strassel, Stephanie	LDC2016S01
Andrus, Tony	LDC2016S02
Dubinski, Eyal	LDC2016S02
Fiscus, Jonathan G.	LDC2016S02
Gillies, Breanna	LDC2016S02
Harper, Mary	LDC2016S02
Hazen, T.J.	LDC2016S02
Hefright, Brook	LDC2016S02
Jarrett, Amy	LDC2016S02
Lin, Willa	LDC2016S02
Ray, Jessica	LDC2016S02
Rytting, Anton	LDC2016S02
Shen, Wade	LDC2016S02
Tzoukermann, Evelyne	LDC2016S02
Wong, Jamie	LDC2016S02
Tracey, Jennifer	LDC2016T07
Fore, Dana	LDC2016T07
Strassel, Stephanie	LDC2016T07
Song, Zhiyi	LDC2016T08
Krug, Gary	LDC2016T08
Strassel, Stephanie	LDC2016T08
Song, Zhiyi	LDC2016T09
Krug, Gary	LDC2016T09
Strassel, Stephanie	LDC2016T09
Flickinger, Dan	LDC2016T10
Hajič, Jan	LDC2016T10
Ivanova, Angelina	LDC2016T10
Kuhlmann, Marco	LDC2016T10
Miyao, Yusuke	LDC2016T10
Oepen, Stephan	LDC2016T10
Zeman, Daniel	LDC2016T10
Song, Zhiyi	LDC2016T11
Krug, Gary	LDC2016T11
Strassel, Stephanie	LDC2016T11
Tracey, Jennifer	LDC2016V01
Strassel, Stephanie	LDC2016V01
Morris, Amanda	LDC2016V01
Li, Xuansong	LDC2016V01
Antonishek, Brian	LDC2016V01
Fiscus, Jonathan G.	LDC2016V01
Glenn, Meghan	LDC2016T12
Lee, Haejoong	LDC2016T12
Strassel, Stephanie	LDC2016T12
Maeda, Kazuaki	LDC2016T12
Walker, Kevin	LDC2016S03
Caruso, Christopher	LDC2016S03
Maeda, Kazuaki	LDC2016S03
DiPersio, Denise	LDC2016S03
Strassel, Stephanie	LDC2016S03
Xue, Nianwen	LDC2016T13
Zhang, Xiuhong	LDC2016T13
Jiang, Zixin	LDC2016T13
Palmer, Martha	LDC2016T13
Xia, Fei	LDC2016T13
Chiou, Fu-Dong	LDC2016T13
Chang, Meiyu	LDC2016T13
Mena, Carlos Daniel Hernández	LDC2016S04
Herrera, Abel	LDC2016S04
Song, Zhiyi	LDC2016T14
Krug, Gary	LDC2016T14
Strassel, Stephanie	LDC2016T14
Song, Zhiyi	LDC2016T15
Krug, Gary	LDC2016T15
Strassel, Stephanie	LDC2016T15
Muir, Kate	LDC2016T16
Joinson, Adam	LDC2016T16
Cotterill, Rachel	LDC2016T16
Dewdney, Nigel	LDC2016T16
Kretzschmar, William A., Jr.	LDC2016S05
Bounds, Paulina	LDC2016S05
Hettel, Jacqueline	LDC2016S05
Coats, Steven	LDC2016S05
Pederson, Lee	LDC2016S05
Opas-Hänninen, Lisa Lena	LDC2016S05
Juuso, Ilkka	LDC2016S05
Seppänen, Tapio	LDC2016S05
Bills, Aric	LDC2016S06
David, Anne	LDC2016S06
Dubinski, Eyal	LDC2016S06
Fiscus, Jonathan G.	LDC2016S06
Gillies, Breanna	LDC2016S06
Gnanadesikan, Amalia	LDC2016S06
Harper, Mary	LDC2016S06
Hammond, Simon	LDC2016S06
Jarrett, Amy	LDC2016S06
Molina, María Encarnación Pérez	LDC2016S06
Ray, Jessica	LDC2016S06
Rytting, Anton	LDC2016S06
Paget, Shelley	LDC2016S06
Shen, Wade	LDC2016S06
Silber, Ronnie	LDC2016S06
Tzoukermann, Evelyne	LDC2016S06
Wong, Jamie	LDC2016S06
Bills, Aric	LDC2016S08
David, Anne	LDC2016S08
Dubinski, Eyal	LDC2016S08
Fiscus, Jonathan G.	LDC2016S08
Gillies, Breanna	LDC2016S08
Harper, Mary	LDC2016S08
Jarrett, Amy	LDC2016S08
Molina, María Encarnación Pérez	LDC2016S08
Ray, Jessica	LDC2016S08
Rytting, Anton	LDC2016S08
Paget, Shelley	LDC2016S08
Shen, Wade	LDC2016S08
Silber, Ronnie	LDC2016S08
Tzoukermann, Evelyne	LDC2016S08
Wong, Jamie	LDC2016S08
Glenn, Meghan	LDC2016T17
Lee, Haejoong	LDC2016T17
Strassel, Stephanie	LDC2016T17
Maeda, Kazuaki	LDC2016T17
Walker, Kevin	LDC2016S07
Caruso, Christopher	LDC2016S07
Maeda, Kazuaki	LDC2016S07
DiPersio, Denise	LDC2016S07
Strassel, Stephanie	LDC2016S07
Tratz, Stephen C.	LDC2016T18
Li, Xuansong	LDC2016T19
Peterson, Katherine	LDC2016T19
Grimes, Stephen	LDC2016T19
Strassel, Stephanie	LDC2016T19
Song, Zhiyi	LDC2016T20
Krug, Gary	LDC2016T20
Strassel, Stephanie	LDC2016T20
Adams, Nikki	LDC2016S09
Bills, Aric	LDC2016S09
Fiscus, Jonathan G.	LDC2016S09
Gillies, Breanna	LDC2016S09
Harper, Mary	LDC2016S09
Hazen, T.J.	LDC2016S09
Jarrett, Amy	LDC2016S09
Khugyani, Kamila Khan	LDC2016S09
Lin, Willa	LDC2016S09
Ray, Jessica	LDC2016S09
Rytting, Anton	LDC2016S09
Shen, Wade	LDC2016S09
Strahan, Tania E.	LDC2016S09
Tzoukermann, Evelyne	LDC2016S09
O'Gorman, Tim	LDC2016T23
Palmer, Martha	LDC2016T23
Andresen, Jess	LDC2016S10
Bills, Aric	LDC2016S10
Dubinski, Eyal	LDC2016S10
Fiscus, Jonathan G.	LDC2016S10
Gillies, Breanna	LDC2016S10
Harper, Mary	LDC2016S10
Hazen, T.J.	LDC2016S10
Jarrett, Amy	LDC2016S10
Roomi, Bergul	LDC2016S10
Ray, Jessica	LDC2016S10
Rytting, Anton	LDC2016S10
Shen, Wade	LDC2016S10
Tzoukermann, Evelyne	LDC2016S10
Luqman, Hamzah	LDC2016T21
Mahmoud, Sabri A.	LDC2016T21
Awaida, Sameh	LDC2016T21
Bills, Aric	LDC2016S12
David, Anne	LDC2016S12
Dubinski, Eyal	LDC2016S12
Fiscus, Jonathan G.	LDC2016S12
Hammond, Simon	LDC2016S12
Gann, Ketty	LDC2016S12
Harper, Mary	LDC2016S12
Hefright, Brook	LDC2016S12
Kazi, Michael	LDC2016S12
Lam, Julie	LDC2016S12
Ray, Jessica	LDC2016S12
Richardson, Fred	LDC2016S12
Rytting, Anton	LDC2016S12
Walter, Marle	LDC2016S12
Jones, Karen	LDC2016S11
Graff, David	LDC2016S11
Walker, Kevin	LDC2016S11
Strassel, Stephanie	LDC2016S11
Song, Zhiyi	LDC2016T25
Krug, Gary	LDC2016T25
Strassel, Stephanie	LDC2016T25
Song, Zhiyi	LDC2016T27
Krug, Gary	LDC2016T27
Strassel, Stephanie	LDC2016T27
Conners, Thomas	LDC2016S13
Fiscus, Jonathan G.	LDC2016S13
Gillies, Breanna	LDC2016S13
Harper, Mary	LDC2016S13
Hazen, T.J.	LDC2016S13
Jarrett, Amy	LDC2016S13
Lin, Willa	LDC2016S13
Molina, María Encarnación Pérez	LDC2016S13
Rafalko, Shawna	LDC2016S13
Ray, Jessica	LDC2016S13
Rytting, Anton	LDC2016S13
Shen, Wade	LDC2016S13
Tzoukermann, Evelyne	LDC2016S13
Ellis, Joe	LDC2016T26
Getman, Jeremy	LDC2016T26
Strassel, Stephanie	LDC2016T26
Bamba, Moussa	LDC2016L01
Kato, Akihiko	LDC2017T01
Shindo, Hiroyuki	LDC2017T01
Matsumoto, Yuji	LDC2017T01
Ali, Ahmed	LDC2017L01
Andrus, Tony	LDC2017S01
Bills, Aric	LDC2017S01
Corris, Miriam	LDC2017S01
Dubinski, Eyal	LDC2017S01
Fiscus, Jonathan G.	LDC2017S01
Gillies, Breanna	LDC2017S01
Harper, Mary	LDC2017S01
Hazen, T.J.	LDC2017S01
Hefright, Brook	LDC2017S01
Jarrett, Amy	LDC2017S01
Le, Hanh	LDC2017S01
Ray, Jessica	LDC2017S01
Rytting, Anton	LDC2017S01
Silber, Ronnie	LDC2017S01
Shen, Wade	LDC2017S01
Tzoukermann, Evelyne	LDC2017S01
Song, Zhiyi	LDC2017T02
Krug, Gary	LDC2017T02
Strassel, Stephanie	LDC2017T02
Larson, Brian N.	LDC2017T03
Tsou, Benjamin	LDC2016T22
Lu, Bin	LDC2016T22
Chow, Kapo	LDC2016T22
Elmadany, AbdelRahim A.	LDC2016T24
Abdou, Sherif M.	LDC2016T24
Gheith, Mervat	LDC2016T24
Walker, Kevin	LDC2017S02
Caruso, Christopher	LDC2017S02
Maeda, Kazuaki	LDC2017S02
DiPersio, Denise	LDC2017S02
Strassel, Stephanie	LDC2017S02
Glenn, Meghan	LDC2017T04
Lee, Haejoong	LDC2017T04
Strassel, Stephanie	LDC2017T04
Maeda, Kazuaki	LDC2017T04
Andrus, Tony	LDC2017S03
Bills, Aric	LDC2017S03
Conners, Thomas	LDC2017S03
Crabb, Erin Smith	LDC2017S03
Dubinski, Eyal	LDC2017S03
Fiscus, Jonathan G.	LDC2017S03
Gillies, Breanna	LDC2017S03
Harper, Mary	LDC2017S03
Hazen, T.J.	LDC2017S03
Hefright, Brook	LDC2017S03
Jarrett, Amy	LDC2017S03
Le, Hanh	LDC2017S03
Ray, Jessica	LDC2017S03
Rytting, Anton	LDC2017S03
Shen, Wade	LDC2017S03
Silber, Ronnie	LDC2017S03
Tzoukermann, Evelyne	LDC2017S03
Abdulaziz, Azhar	LDC2017S04
Kepuska, Veton	LDC2017S04
Andresen, Jess	LDC2017S05
Bills, Aric	LDC2017S05
Conners, Thomas	LDC2017S05
Dubinski, Eyal	LDC2017S05
Fiscus, Jonathan G.	LDC2017S05
Harper, Mary	LDC2017S05
Kozlov, Kirill	LDC2017S05
Malyska, Nicolas	LDC2017S05
Melot, Jennifer	LDC2017S05
Morrison, Michelle	LDC2017S05
Phillips, Josh	LDC2017S05
Ray, Jessica	LDC2017S05
Rytting, Anton	LDC2017S05
Shen, Wade	LDC2017S05
Silber, Ronnie	LDC2017S05
Tzoukermann, Evelyne	LDC2017S05
Wong, Jamie	LDC2017S05
Song, Zhiyi	LDC2017T05
Garland, Jennifer	LDC2017T05
Walker, Christopher	LDC2017T05
Strassel, Stephanie	LDC2017T05
Li, Xuansong	LDC2017T06
Grimes, Stephen	LDC2017T06
Strassel, Stephanie	LDC2017T06
Ma, Xiaoyi	LDC2017T06
Xue, Nianwen	LDC2017T06
Marcus, Mitch	LDC2017T06
Taylor, Ann	LDC2017T06
Benowitz, Daniel	LDC2017S08
Bills, Aric	LDC2017S08
Conners, Thomas	LDC2017S08
Dubinski, Eyal	LDC2017S08
Fiscus, Jonathan G.	LDC2017S08
Harper, Mary	LDC2017S08
Heighway, Melanie	LDC2017S08
Le, Hanh	LDC2017S08
Melot, Jennifer	LDC2017S08
Onaka, Akiko	LDC2017S08
Ray, Jessica	LDC2017S08
Rytting, Anton	LDC2017S08
Shen, Wade	LDC2017S08
Silber, Ronnie	LDC2017S08
Tzoukermann, Evelyne	LDC2017S08
Greenberg, Craig	LDC2017S06
Martin, Alvin	LDC2017S06
Graff, David	LDC2017S06
Brandschain, Linda	LDC2017S06
Walker, Kevin	LDC2017S06
Vincent, Emmanuel	LDC2017S07
Barker, Jon	LDC2017S07
Watanabe, Shinji	LDC2017S07
Le Roux, Jonathan	LDC2017S07
Nesta, Francesco	LDC2017S07
Matassoni, Marco	LDC2017S07
Song, Zhiyi	LDC2017T07
Fore, Dana	LDC2017T07
Strassel, Stephanie	LDC2017T07
Lee, Haejoong	LDC2017T07
Wright, Jonathan	LDC2017T07
Chamberlain, Jon	LDC2017T08
Poesio, Massimo	LDC2017T08
Kruschwitz, Udo	LDC2017T08
Huang, Ruihong	LDC2017T09
Jurafsky, Daniel	LDC2017T09
Riloff, Ellen	LDC2017T09
Jones, Karen	LDC2017S09
Graff, David	LDC2017S09
Walker, Kevin	LDC2017S09
Strassel, Stephanie	LDC2017S09
Chen, Gang	LDC2017V01
Neubauer, Juergen	LDC2017V01
Garellek, Marc	LDC2017V01
Samlan, Robin	LDC2017V01
Gerratt, Bruce R.	LDC2017V01
Kreiman, Jody	LDC2017V01
Alwan, Abeer	LDC2017V01
Vincent, Emmanuel	LDC2017S10
Barker, Jon	LDC2017S10
Watanabe, Shinji	LDC2017S10
Le Roux, Jonathan	LDC2017S10
Nesta, Francesco	LDC2017S10
Matassoni, Marco	LDC2017S10
Knight, Kevin	LDC2017T10
Badarau, Bianca	LDC2017T10
Baranescu, Laura	LDC2017T10
Bonial, Claire	LDC2017T10
Bardocz, Madalina	LDC2017T10
Griffitt, Kira	LDC2017T10
Hermjakob, Ulf	LDC2017T10
Marcu, Daniel	LDC2017T10
Palmer, Martha	LDC2017T10
O'Gorman, Tim	LDC2017T10
Schneider, Nathan	LDC2017T10
Petukhova, Volha	LDC2017S11
Malchanau, Andrei	LDC2017S11
Oualil, Youssef	LDC2017S11
Klakow, Dietrich	LDC2017S11
Stevens, Christopher	LDC2017S11
de Weerd, Harmen	LDC2017S11
Taatgen, Niels	LDC2017S11
Meftah, Ali Hamid	LDC2017S12
Alotaibi, Yousef Ajami	LDC2017S12
Selouani, Sid-Ahmed	LDC2017S12
Tracey, Jennifer	LDC2017T11
Lee, Haejoong	LDC2017T11
Strassel, Stephanie	LDC2017T11
Bills, Aric	LDC2017S13
Conners, Thomas	LDC2017S13
Corris, Miriam	LDC2017S13
David, Anne	LDC2017S13
Dubinski, Eyal	LDC2017S13
Fiscus, Jonathan G.	LDC2017S13
Harper, Mary	LDC2017S13
Kaiser-Schatzlein, Alice	LDC2017S13
Melot, Jennifer	LDC2017S13
Paget, Shelley	LDC2017S13
Ray, Jessica	LDC2017S13
Rytting, Anton	LDC2017S13
Shen, Wade	LDC2017S13
Silber, Ronnie	LDC2017S13
Tzoukermann, Evelyne	LDC2017S13
Viswanath, Arun	LDC2017S13
Jones, Karen	LDC2017S14
Graff, David	LDC2017S14
Walker, Kevin	LDC2017S14
Strassel, Stephanie	LDC2017S14
Walker, Kevin	LDC2017S15
Caruso, Christopher	LDC2017S15
Maeda, Kazuaki	LDC2017S15
DiPersio, Denise	LDC2017S15
Strassel, Stephanie	LDC2017S15
Glenn, Meghan	LDC2017T12
Lee, Haejoong	LDC2017T12
Strassel, Stephanie	LDC2017T12
Maeda, Kazuaki	LDC2017T12
Linguistic Data Consortium	LDC2017S16
Britt, Erica	LDC2017S17
Xue, Nianwen	LDC2017T13
Ng, Hwee Tou	LDC2017T13
Pradhan, Sameer	LDC2017T13
Rutherford, Attapol T.	LDC2017T13
Webber, Bonnie	LDC2017T13
Wang, Chuan	LDC2017T13
Wang, Hong Min	LDC2017T13
Prasad, Rashmi	LDC2017T13
Shriberg, Elizabeth	LDC2017S18
Kathol, Andreas	LDC2017S18
Graciarena, Martin	LDC2017S18
Bratt, Harry	LDC2017S18
Kajarekar, Sachin	LDC2017S18
Jameel, Huda	LDC2017S18
Richey, Colleen	LDC2017S18
Goodman, Fred	LDC2017S18
Adams, Nikki	LDC2017S19
Bills, Aric	LDC2017S19
Conners, Thomas	LDC2017S19
Dubinski, Eyal	LDC2017S19
Fiscus, Jonathan G.	LDC2017S19
Harper, Mary	LDC2017S19
Lin, Willa	LDC2017S19
Melot, Jennifer	LDC2017S19
Ray, Jessica	LDC2017S19
Rytting, Anton	LDC2017S19
Shen, Wade	LDC2017S19
Silber, Ronnie	LDC2017S19
Tzoukermann, Evelyne	LDC2017S19
Wong, Jamie	LDC2017S19
Berkling, Kay	LDC2018T05
Chen, Xiaohe	LDC2017T14
Li, Bin	LDC2017T14
Feng, Minxuan	LDC2017T14
Xu, Chao	LDC2017T14
Xu, Runhua	LDC2017T14
Shi, Min	LDC2017T14
Yu, Lili	LDC2017T14
Xiao, Lei	LDC2017T14
Wang, Qingqing	LDC2017T14
Graff, David	LDC2017S20
Ma, Xiaoyi	LDC2017S20
Strassel, Stephanie	LDC2017S20
Walker, Kevin	LDC2017S20
Jones, Karen	LDC2017S20
O'Gorman, Tim	LDC2017T15
Conger, Katherine	LDC2017T15
Palmer, Martha	LDC2017T15
Kato, Akihiko	LDC2017T16
Shindo, Hiroyuki	LDC2017T16
Matsumoto, Yuji	LDC2017T16
Linguistic Data Consortium	LDC2017S21
Appen Pty Ltd	LDC2017S21
Bills, Aric	LDC2017S22
Conners, Thomas	LDC2017S22
Dubinski, Eyal	LDC2017S22
Fiscus, Jonathan G.	LDC2017S22
Harper, Mary	LDC2017S22
Heighway, Melanie	LDC2017S22
Lin, Willa	LDC2017S22
Melot, Jennifer	LDC2017S22
Paget, Shelley	LDC2017S22
Ray, Jessica	LDC2017S22
Roomi, Bergul	LDC2017S22
Rytting, Anton	LDC2017S22
Shen, Wade	LDC2017S22
Silber, Ronnie	LDC2017S22
Tzoukermann, Evelyne	LDC2017S22
Zwanenburg, Jacqui	LDC2017S22
Ellis, Joe	LDC2017T17
Getman, Jeremy	LDC2017T17
Strassel, Stephanie	LDC2017T17
Mena, Carlos Daniel Hernández	LDC2017S23
Herrera, Abel	LDC2017S23
Barker, Jon	LDC2017S24
Marxer, Ricard	LDC2017S24
Vincent, Emmanuel	LDC2017S24
Watanabe, Shinji	LDC2017S24
Glenn, Meghan	LDC2017T18
Lee, Haejoong	LDC2017T18
Strassel, Stephanie	LDC2017T18
Maeda, Kazuaki	LDC2017T18
Walker, Kevin	LDC2017S25
Caruso, Christopher	LDC2017S25
Maeda, Kazuaki	LDC2017S25
DiPersio, Denise	LDC2017S25
Strassel, Stephanie	LDC2017S25
University of the Basque Country	LDC2018T06
Technical University of Catalunya	LDC2018T06
Charles University	LDC2018T06
Middle East Technical University	LDC2018T06
Sabanci University	LDC2018T06
Dipartimento di Informatica of the University of Pisa	LDC2018T07
ILC-CNR	LDC2018T07
Institute for Language and Speech Processing	LDC2018T07
Institute of Informatics at the University of Szeged	LDC2018T07
Institute of Linguistics at the Hungarian Academy of Sciences	LDC2018T07
Morphologic Ltd.	LDC2018T07
Linguistic Data Consortium	LDC2018T08
Ravanelli, Mirco	LDC2018S01
Cristoforetti, Luca	LDC2018S01
Omologo, Maurizio	LDC2018S01
Taulé, Mariona	LDC2018T01
Maria Antonia Martí	LDC2018T01
Bies, Ann	LDC2018T01
Garí, Aina	LDC2018T01
Nofre, Montserrat	LDC2018T01
Song, Zhiyi	LDC2018T01
Strassel, Stephanie	LDC2018T01
Ellis, Joe	LDC2018T01
Linguistic Data Consortium	LDC2018T02
ELDA	LDC2018T02
Bills, Aric	LDC2018S02
Conners, Thomas	LDC2018S02
Corris, Miriam	LDC2018S02
Dubinski, Eyal	LDC2018S02
Fiscus, Jonathan G.	LDC2018S02
Harper, Mary	LDC2018S02
Heighway, Melanie	LDC2018S02
Kozlov, Kirill	LDC2018S02
Malyska, Nicolas	LDC2018S02
Melot, Jennifer	LDC2018S02
Ray, Jessica	LDC2018S02
Rytting, Anton	LDC2018S02
Shen, Wade	LDC2018S02
Silber, Ronnie	LDC2018S02
Tzoukermann, Evelyne	LDC2018S02
Jones, Karen	LDC2018S03
Graff, David	LDC2018S03
Walker, Kevin	LDC2018S03
Strassel, Stephanie	LDC2018S03
Ellis, Joe	LDC2018T03
Getman, Jeremy	LDC2018T03
Graff, David	LDC2018T03
Strassel, Stephanie	LDC2018T03
Tracey, Jennifer	LDC2018T04
Graff, David	LDC2018T04
Strassel, Stephanie	LDC2018T04
Ma, Xiaoyi	LDC2018T04
Wright, Jonathan	LDC2018T04
Arase, Yuki	LDC2018T09
Tsujii, Junichi	LDC2018T09
Tracey, Jennifer	LDC2018T11
Graff, David	LDC2018T11
Strassel, Stephanie	LDC2018T11
Ma, Xiaoyi	LDC2018T11
Wright, Jonathan	LDC2018T11
Tracey, Jennifer	LDC2018T10
Lee, Haejoong	LDC2018T10
Strassel, Stephanie	LDC2018T10
Ismael, Safa	LDC2018T10
Ferraro, Francis	LDC2018T12
Thomas, Max	LDC2018T12
Wolfe, Travis	LDC2018T12
Gormley, Matthew R.	LDC2018T12
Harman, Craig	LDC2018T12
Van Durme, Benjamin	LDC2018T12
Linguistic Data Consortium	LDC2018T13
ELDA	LDC2018T13
