a reader	12
franÃ§ais langue seconde, immersion	9
student activity book	8
a handbook for ECS operators for the school year.	7
Alberta Motor Transport Association industries	7
Provincial report.	6
echo acting	5
maternelle-12e annÃ©e	5
guide Ã  l'intention des autoritÃ©s scolaires	5
final report	4
some facts and figures	3
facts and figures	3
basic statistics	3
student materials	3
classroom assessment materials.	3
child development : CMH 1050	3
what we heard	2
Minister's Forum on Adult Learning	2
student resource for grades 7 to 12.	2
healthy choices about alcohol, drugs and gambling, grade 5	2
introduction to financial management, FIN 101	2
service business 2, FIN 1030	2
answer key to student activity book	2
oil and gas development in the Mexican market	1
a literature review	1
a statement of social policy for Alberta	1
youth in transition	1
industrial initiatives in northern Alberta	1
accelerating carbon capture and storage implementation in Alberta	1
1997/98 year-end report	1
making decisions about drugs : teacher resource - grades 4, 5 & 6	1
student test booklet, beginning level : life in and out of school : part one.	1
what we heard--.	1
your guide for expected to work and not expected to work clients.	1
historic Dunvegan, Peace River	1
profile and trends : discussion paper	1
healthy choices about alcohol, drugs and gambling, grade 6	1
Alberta's rural development strategy	1
treatment tools	1
guidelines and practices	1
renewal recommendations	1
1993 test season final report.	1
Alberta's new electric industry	1
a provincial framework for action on alcohol and other drug use	1
technical report	1
transition to post-secondary education for students with disabilities parent workshop.	1
document d'accompagnement du programme d'Ã©ducation de maternelle	1
12e annee, sujet A : cahier de l'eleve.	1
transition to post-education for students with disabilities.	1
laying the foundation for resiliency in your infant & toddler	1
aboriginal role models share their career journeys	1
report	1
Alberta's strategy for sustainability, November 2003.	1
I.D., M.D., and county data by region	1
before the job, on the job, leaving the job	1
Alberta's strategy for sustainability : draft for discussion	1
royal visit : final report	1
Alberta industry workforce strategies	1
healthy choices about alcohol, drugs and gambling, grade 4	1
level one status assessment	1
essential components of educational programming for students who are blind or visually impaired	1
research report	1
