Reading (Multiple choice).	145
Reading, Grade 12 diploma examination	142
English 33.	80
Written response.	74
Reading.	74
Reading, Grade 12 diploma examination.	74
Written response, Grade 12 diploma examination.	37
Written response, Grade 12 diploma examination	36
Physique 30	25
7e annÃ©e	24
1re annÃ©e	24
Chimie 30.	24
6e annÃ©e	24
Biologie 30.	24
5e annÃ©e	24
3e annÃ©e	24
8e annÃ©e	24
4e annÃ©e	24
9e annÃ©e	24
2e annÃ©e	24
Etudes sociales 30	23
Social studies 30.	21
MathÃ©matiques 30.	20
Science 30.	18
FranÃ§ais 30.	17
10e, 11e et 12e annÃ©es	16
Element details.	15
Biology 30.	14
Chemistry 30.	14
Lecture (choix multiples)	13
English 30.	13
Forestry and related industries	12
Physics 30.	12
Production Ã©crite	10
Composition	9
Langue et littÃ©rature 30.	9
ComprÃ©hension Ã©crite (choix multiples).	9
ComprÃ©hension Ã©crite.	9
Appendix III	8
DixiÃ¨me, onziÃ¨me douziÃ¨me annÃ©es	7
10-11-12	7
Grade 3 mathematics	7
Grade 9 science	6
Grade 9 English language arts	6
Science 30 information bulletin.	6
Grade 6 English language arts	5
Social studies 33	5
Grade 6 social studies	5
Grade 3 English language arts	5
English 33	3
Applied mathematics 30	3
Appendix II	3
Kindergarten.	3
English 30	3
Mathematics 33 information bulletin.	3
Mathematics 33.	3
MathÃ©matiques & sciences.	2
Mathematics 30.	2
Biology 30, chemistry 30, physics 30.	2
Sciences.	2
Mathematics and sciences bulletin.	2
Mathematics and sciences.	2
Social studies 30 bulletin.	2
RÃ©daction	2
Etudes sociales 6e annÃ©e.	2
Lecture	2
Choix multiples	2
FranÃ§ais 30	2
Supplementary information.	1
Sciences 9e annÃ©e	1
FranÃ§ais/French language arts 9e annÃ©e	1
South and Calgary regions.	1
MathÃ©matiques 9e annÃ©e	1
Biology 30, chemistry 30, physics 30	1
Catholic school version.	1
Non chemical control of weeds, insects, diseases for maximum economic yield	1
Biologie 30	1
Social studies 30	1
