http://www1.agric.gov.ab.ca/$department/newslett.nsf/homemain/agnw?opendocument	61
http://education.alberta.ca/parents/resources/express.aspx	36
http://www.ab-conservation.com/go/default/index.cfm/programs/wildlife/wildlife-projects/alberta-wildlife-status-reports-project/publications/	32
http://www.assembly.ab.ca/lao/annual_reports/	26
http://www1.agric.gov.ab.ca/$department/deptdocs.nsf/all/sdd12621	25
http://www.agric.gov.ab.ca/app21/infopage?cat1=Statistics&cat2=Farm%20Financial	25
http://www.oag.ab.ca/default.asp?V_DOC_ID=841	24
http://www.albertacanada.com/about-alberta/exports-and-trade.html	24
http://www.international.alberta.ca/documents/Alberta_International_Trade_Review_2008-_final_pdf.pdf	24
http://www.albertacanada.com/documents/Alberta_International_Trade_Review_2009.pdf	24
http://www.albertacanada.com/documents/Alberta_International_Trade_Review_2010.pdf	24
http://www.agric.gov.ab.ca/app21/fgrainprices	17
http://www.environment.alberta.ca./forecasting/WaterSupply/historical/histwsindex01.html	17
http://www1.agric.gov.ab.ca/$department/deptdocs.nsf/all/irr5527?opendocument	15
http://www.education.gov.ab.ca/french/adt%5Fscol/ressources.asp	13
http://www.assembly.ab.ca/lao/library/egovdocs/2008/alar/166596_may08.pdf	9
http://www.assembly.ab.ca/lao/library/egovdocs/2009/alar/166596_jan09.pdf	9
http://www.assembly.ab.ca/lao/library/egovdocs/2009/alar/166596_may09.pdf	9
http://www.assembly.ab.ca/lao/library/egovdocs/2009/alar/166596_jul09.pdf	9
http://www.assembly.ab.ca/lao/library/egovdocs/2009/alar/166596_sep09.pdf	9
http://www.assembly.ab.ca/lao/library/egovdocs/2009/alar/166596_oct09.pdf	9
http://www.servicealberta.gov.ab.ca/ConsumerTipsheets.cfm	9
http://srd.alberta.ca/FishWildlife/SpeciesAtRisk/SpeciesAtRiskPublicationsWebResources/SpeciesAtRiskGeneral/Default.aspx	8
http://www.finance.alberta.ca/publications/budget/index.html	8
http://www.assembly.ab.ca/lao/library/egovdocs/1998/alhre/131512_98.pdf	7
http://www.assembly.ab.ca/lao/library/egovdocs/1999/alhre/131512_99.pdf	7
http://www.assembly.ab.ca/lao/library/egovdocs/2000/alhre/131512_00.pdf	7
http://www.assembly.ab.ca/lao/library/egovdocs/2001/alhre/131512_01.pdf	7
http://www.assembly.ab.ca/lao/library/egovdocs/2003/alhre/131512_03.pdf	7
http://www.assembly.ab.ca/lao/library/egovdocs/2004/alhre/131512_04.pdf	7
http://www.assembly.ab.ca/lao/library/egovdocs/2005/alhre/131512_05.pdf	7
http://albertaparks.ca/albertaparksca/library.aspx	7
http://www.oag.ab.ca/reports	7
http://albertaparks.ca/media/123250/annualreport9899.pdf	6
http://albertaparks.ca/media/123253/annualreport9900.pdf	6
http://albertaparks.ca/media/123227/annualreport0001.pdf	6
http://albertaparks.ca/media/123230/annualreport0102.pdf	6
http://albertaparks.ca/media/123235/annualreport0203.pdf	6
http://albertaparks.ca/media/123238/annualreport0304.pdf	6
http://albertaparks.ca/media/123241/annualreport0405.pdf	6
http://albertaparks.ca/media/123244/annualreport0506.pdf	6
http://www.assembly.ab.ca/lao/library/egovdocs/2006/aleii/163417_06.pdf	6
http://employment.alberta.ca/documents/WHS/WHS-PUB_oid_manufacturing.pdf	6
http://srd.alberta.ca/BioDiversityStewardship/SpeciesAtRisk/documents/SAR1-ProgramsProjects-2000-2001.pdf	5
http://srd.alberta.ca/BioDiversityStewardship/SpeciesAtRisk/documents/SAR55-ProgramsAndProjects2001-2002.pdf	5
http://srd.alberta.ca/BioDiversityStewardship/SpeciesAtRisk/documents/SAR77-ProgramsProjects2002-2003.pdf	5
http://www.srd.alberta.ca/BioDiversityStewardship/SpeciesAtRisk/documents/SAR100-AlbergtaSpeciesAtRiskProgramAndProjects2003-2004.pdf	5
http://srd.alberta.ca/BioDiversityStewardship/SpeciesAtRisk/documents/SAR120-AlbertaSpeciesAtRisk-ProgramAndProjects2004-2008-May2008.pdf	5
http://www.srd.alberta.ca/BioDiversityStewardship/SpeciesAtRisk/documents/SAR137-ProgramsAndProjects-2008-2010-Sep-2010.pdf	5
http://www.aer.ca/data-and-publications/statistical-reports/st98	5
http://www.assembly.ab.ca/lao/library/egovdocs/2005/aleub/134681_05.pdf	5
http://www.assembly.ab.ca/lao/library/egovdocs/2006/aleub/134681_06.pdf	5
http://www.assembly.ab.ca/lao/library/egovdocs/2007/alog/166437_07.pdf	5
http://www.assembly.ab.ca/lao/library/egovdocs/2008/alog/166437_08.pdf	5
http://www.assembly.ab.ca/lao/library/egovdocs/2009/alog/166437_09.pdf	5
http://www.assembly.ab.ca/lao/library/egovdocs/2010/alog/166437_10.pdf	5
http://www.assembly.ab.ca/lao/library/egovdocs/2011/alog/166437_11.pdf	5
http://www.assembly.ab.ca/lao/library/egovdocs/2012/alog/166437_12.pdf	5
http://www.assembly.ab.ca/lao/library/egovdocs/2013/aler/19104235_13.pdf	5
http://esrd.alberta.ca/fish-wildlife/species-at-risk/species-at-risk-publications-web-resources/species-at-risk-general/documents/SAR089-SHARP-MultiSpeciesConservationOldmanRiver-Vol001-Jun2004.pdf	5
http://esrd.alberta.ca/fish-wildlife/species-at-risk/species-at-risk-publications-web-resources/species-at-risk-general/documents/SAR090-SHARP-MultiSpeciesConservationOldmanRiver-Vol002-Nov2004.pdf	5
http://esrd.alberta.ca/fish-wildlife/species-at-risk/species-at-risk-publications-web-resources/species-at-risk-general/documents/SAR105-SHARP-MultiSpeciesConservationOldmanRiver-Vol003-Mar2006.pdf	5
http://esrd.alberta.ca/fish-wildlife/species-at-risk/species-at-risk-publications-web-resources/species-at-risk-general/documents/SAR106-SHARP-MultiSpeciesConservationOldmanRiver-Vol004-Mar2006.pdf	5
http://esrd.alberta.ca/fish-wildlife/species-at-risk/species-at-risk-publications-web-resources/species-at-risk-general/documents/SAR107-SHARP-MultiSpeciesConservationOldmanRiver-Vol005-Mar2006.pdf	5
http://www.ercb.ca/data-and-publications/statistical-reports/st98	5
http://www.assembly.ab.ca/lao/library/egovdocs/2009/alma/172916.pdf	4
http://www.assembly.ab.ca/lao/library/egovdocs/2009/alma/172916_01.pdf	4
http://www.assembly.ab.ca/lao/library/egovdocs/2009/alma/172916_02.pdf	4
http://www.assembly.ab.ca/lao/library/egovdocs/2009/alma/172916_03.pdf	4
http://www.assembly.ab.ca/lao/library/egovdocs/2009/alma/172916_04.pdf	4
http://www.assembly.ab.ca/lao/library/egovdocs/2009/alma/172916_05.pdf	4
http://capitalregionboard.ab.ca/-/reports/crb_executivesummary_e.pdf	4
http://www.finance.alberta.ca/publications/measuring/ministry-annual-reports.html	4
http://www.infrastructure.alberta.ca/601.htm	4
http://open.alberta.ca/dataset?q=%22linear+property+assessment+minister%27s+guidelines%22	3
http://www.ihe.ca/documents/HTA%20on%20the%20net%2010thedition_0.pdf	3
http://education.alberta.ca/parents/resources/handbook.aspx	3
http://education.alberta.ca/admin/special/resources.aspx	3
http://www.cowsandfish.org/publications/documents/SouthSaskatchewanRiverBasinRiparianHealthOverview2004report024and026.pdf	3
http://www.finance.alberta.ca/publications/budget/budget2014/index.html#estimates	3
http://www.finance.alberta.ca/publications/budget/estimates/est2014/government-estimates-complete.pdf	3
http://www.municipalaffairs.gov.ab.ca/municipal_sponsorship_program.cfm	3
http://www.environment.gov.ab.ca/info/library/8054.pdf	3
http://www.environment.gov.ab.ca/info/library/8231.pdf	3
http://www.health.alberta.ca/documents/Healthy-Aging-Overview-1999.pdf	3
http://environment.gov.ab.ca/info/library/5807.pdf	2
http://environment.gov.ab.ca/info/library/5806.pdf	2
http://environment.gov.ab.ca/info/library/5808.pdf	2
http://environment.gov.ab.ca/info/library/5809.pdf	2
http://education.alberta.ca/media/448939/Learning.pdf	2
http://environment.gov.ab.ca/info/library/6806.pdf	2
http://environment.gov.ab.ca/info/library/6809.pdf	2
http://www.assembly.ab.ca/lao/library/egovdocs/2009/alen/171937.pdf	2
http://environment.gov.ab.ca/info/library/6298.pdf	2
http://environment.gov.ab.ca/info/library/6699.pdf	2
http://alis.alberta.ca/pdf/cshop/jobseekers.pdf	2
http://www.pao.gov.ab.ca/performance/premier/celebration/pae-commerative-booklet.pdf	2
http://tpr.alberta.ca/parks/heritageinfocentre/docs/wainwright_dunes_rare_plants.pdf	2
http://tpr.alberta.ca/parks/heritageinfocentre/docs/wainwright_dunes_rare_plants_supplement.pdf	2
http://www.assembly.ab.ca/lao/library/egovdocs/alpm/2001/132279.pdf	2
http://environment.gov.ab.ca/info/listing.asp?page=1&searchtype=asset&txtsearch=annual%20report	2
http://www.ihe.ca/documents/InternetSourcesOfInformation.pdf	2
http://www.ihe.ca/documents/IHE_Report_Health_Technology_Assessment_on_the_Net_Jun_2007.pdf	2
http://www.ihe.ca/publications/library/archived/functional-diagnostic-imaging-in-the-assessment-of-myocardial-viability-part-1---overview/rtf	2
https://mahextranet.gov.ab.ca/onlreg/docs/Manual.pdf	2
http://www.assembly.ab.ca/lao/library/egovdocs/2006/aleo/158101.pdf	2
http://www.eric.ed.gov/ERICDocs/data/ericdocs2sql/content_storage_01/0000019b/80/15/5c/13.pdf	2
http://environment.gov.ab.ca/info/library/7951.pdf	2
http://environment.gov.ab.ca/info/library/7950.pdf	2
http://www.waterforlife.gov.ab.ca/docs/geowa_report.pdf	2
http://www.waterforlife.gov.ab.ca/docs/geowa_appendix.pdf	2
http://education.alberta.ca/francais/admin/speced.aspx	2
http://environment.gov.ab.ca/info/library/6024.pdf	2
http://environment.gov.ab.ca/info/library/7472.pdf	2
http://www.assembly.ab.ca/lao/library/egovdocs/2004/alen/145653.pdf	2
http://www.assembly.ab.ca/lao/library/egovdocs/2013/alesr/9780778588191.pdf	2
http://esrd.alberta.ca/focus/alberta-and-climate-change/regulating-greenhouse-gas-emissions/documents/SpecifiedGasReportingStandard-Revised-Mar-2014.pdf	2
http://srd.alberta.ca/MapsPhotosPublications/Publications/documents/AlbertaFireReview-1998FinalReport-13Dec1999.pdf	2
http://www.assembly.ab.ca/lao/library/egovdocs/2001/alsg/139354_01.pdf	2
http://www.assembly.ab.ca/lao/library/egovdocs/2002/alsg/139354_02.pdf	2
http://www.assembly.ab.ca/lao/library/egovdocs/2003/alsg/139354_03.pdf	2
http://www.assembly.ab.ca/lao/library/egovdocs/2004/alsg/139354_04.pdf	2
http://www.assembly.ab.ca/lao/library/egovdocs/2005/alsg/139354_05.pdf	2
http://www.assembly.ab.ca/lao/library/egovdocs/2006/alsg/139354_06.pdf	2
http://www.assembly.ab.ca/lao/library/egovdocs/2007/alsg/139354_07.pdf	2
http://www.municipalaffairs.alberta.ca/mc_property_assessment_and_taxation_legislation.cfm	2
http://environment.gov.ab.ca/info/library/7925.pdf	2
http://education.alberta.ca/francais/admin/franco/guide.aspx	2
http://www.assembly.ab.ca/lao/library/egovdocs/2008/alen/171452.pdf	2
http://www.health.alberta.ca/newsroom/pub-annual-reports.html	2
http://www.seniors.alberta.ca/publications/#AnnRep	2
http://environment.gov.ab.ca/info/library/6918.pdf	2
http://www.atb.com/atb/atb_finance.html	2
http://www.environment.gov.ab.ca/info/library/5937.pdf	2
http://www.environment.gov.ab.ca/info/library/5938.pdf	2
http://www.environment.gov.ab.ca/info/library/5931.pdf	2
http://education.alberta.ca/admin/resources/satisfaction.aspx	2
http://www.municipalaffairs.gov.ab.ca/media/pdf/0907_Municipal_Financial_Assistance_Handbook.pdf	2
http://www.srd.alberta.ca/BioDiversityStewardship/SpeciesAtRisk/documents/SAR115-BirdPopulationsOnTheShorelineOfBuffaloLake-PriorityAreasForConservation-Nov-2007.pdf	1
http://www.tradesecrets.gov.ab.ca/trades/pdf/trade_course_outlines/010_outline.pdf	1
http://environment.gov.ab.ca/info/library/6654.pdf	1
http://environment.gov.ab.ca/info/library/7972.pdf	1
http://environment.gov.ab.ca/info/library/6275.pdf	1
http://environment.gov.ab.ca/info/library/5813.pdf	1
http://environment.gov.ab.ca/info/library/8108.pdf	1
http://www4.gov.ab.ca/just/ims/client/upload/FLRPwkbk.htm	1
http://srd.alberta.ca/FishWildlife/SpeciesAtRisk/SpeciesAtRiskPublicationsWebResources/Mammals/documents/SAR031-AlbertaFurbearerHarvestData-Aug2001.pdf	1
http://www.albertaparks.ca/media/3194662/fort_assiniboine.pdf	1
http://www.zoot2.com/documents/concurrent_disorders_project_evaluations_summary_report.pdf	1
http://www.srd.gov.ab.ca/fishwildlife/speciesatrisk/pdf/WBFL_RecoveryPlan.pdf	1
http://www.srd.gov.ab.ca/fishwildlife/speciesatrisk/pdf/SAR_124.pdf	1
http://environment.gov.ab.ca/info/library/7719.pdf	1
http://www.ab-conservation.com/go/default/custom/uploads/reportseries2/Peace-Native-Grassland-Stewardship-Program.pdf	1
http://www.qp.gov.ab.ca/Documents/CODES/EXPLORE.CFM	1
http://www1.agric.gov.ab.ca/$department/deptdocs.nsf/all/irr7197	1
http://esrd.alberta.ca/fish-wildlife/species-at-risk/species-at-risk-publications-web-resources/fish/documents/SAR-StatusBullTroutAlberta-Sep2009.pdf	1
http://www.assembly.ab.ca/lao/library/egovdocs/2009/alsrd/9780778587170.pdf	1
http://education.alberta.ca/media/898904/electronic%20french%20version.pdf	1
http://www.srd.gov.ab.ca/fishwildlife/speciesatrisk/pdf/SAR_61.pdf	1
http://tpr.alberta.ca/parks/heritageinfocentre/docs/fidler_greywillow_plant_report.pdf	1
http://environment.gov.ab.ca/info/library/6617.pdf	1
http://www.assembly.ab.ca/lao/library/egovdocs/2010/altd/9780778558224_01.pdf	1
http://www.assembly.ab.ca/lao/library/egovdocs/2010/altd/9780778558224_02.pdf	1
http://www.assembly.ab.ca/lao/library/egovdocs/alchs/2001/157610.pdf	1
http://www.assembly.ab.ca/lao/library/egovdocs/aleub/1998/59971.pdf	1
http://environment.gov.ab.ca/info/library/7774.pdf	1
http://environment.alberta.ca/1319.html	1
https://aeda.alberta.ca/reportsandstudies/aedastudies/Documents/Transportation_report_final.pdf	1
http://esrd.alberta.ca/fish-wildlife/species-at-risk/species-at-risk-publications-web-resources/birds/documents/SAR057-PeregrineFalconSurveysNortheastBoreal-Apr2002.pdf	1
http://www.assembly.ab.ca/lao/library/egovdocs/alsrd/2002/135530.pdf	1
http://environment.gov.ab.ca/info/library/7814.pdf	1
http://employment.alberta.ca/documents/WIA/WIA-BETW_manufacturing_strategy.pdf	1
http://environment.gov.ab.ca/info/library/7961.pdf	1
http://www.assembly.ab.ca/lao/library/egovdocs/2008/alen/167030.pdf	1
http://environment.gov.ab.ca/info/library/6649.pdf	1
http://www.waterforlife.gov.ab.ca/docs/Provincial_Inventory_of_Potential_Water_Storage_MPE_2005.pdf	1
http://environment.gov.ab.ca/info/library/7777.pdf	1
http://www.assembly.ab.ca/lao/library/egovdocs/2007/aleii/164011.pdf	1
http://www.health.alberta.ca/resources/publications/FtMacSum.pdf	1
http://environment.gov.ab.ca/info/library/7738.pdf	1
http://www.energy.alberta.ca/Org/pdfs/CCS_Implementation.pdf	1
http://esrd.alberta.ca/fish-wildlife/species-at-risk/species-at-risk-publications-web-resources/invertebrates/documents/SAR-StatusYuccaMothAlberta-Mar2002.pdf	1
http://www.assembly.ab.ca/lao/library/egovdocs/2002/alsrd/135668.pdf	1
http://www.alpac.ca/content/files/Boreal%20Forest%20Fire%20and%20Harvest%20Residual%20Comparison.pdf	1
http://www.health.alberta.ca/documents/Population-2006-Comparison-2009.pdf	1
http://environment.gov.ab.ca/info/library/8202.pdf	1
http://education.alberta.ca/media/885351/phase1discussionguide_e.pdf	1
http://education.alberta.ca/media/885355/phase1guidedediscussion_f.pdf	1
http://environment.gov.ab.ca/info/library/7266.pdf	1
http://www.advancededucation.gov.ab.ca/media/73911/buildingvibrantlearningcommunities.pdf	1
http://education.alberta.ca/media/933685/gla2007_08report.pdf	1
http://www.eric.ed.gov/PDFS/ED494156.pdf	1
http://www.assembly.ab.ca/lao/library/egovdocs/2006/alae/155148.pdf	1
http://www.waterforlife.gov.ab.ca/docs/Final_Recommend_Online.pdf	1
http://www.srd.gov.ab.ca/fishwildlife/speciesatrisk/pdf/SAR_92.pdf	1
http://www.environment.gov.ab.ca/info/library/6782.pdf	1
http://esrd.alberta.ca/fish-wildlife/species-at-risk/species-at-risk-publications-web-resources/reptiles/documents/SAR-StatusEasternShortHornedLizardAlberta-1997.pdf	1
http://www.assembly.ab.ca/lao/library/egovdocs/1997/alen/42227.pdf	1
http://environment.gov.ab.ca/info/library/7907.pdf	1
http://education.alberta.ca/media/941532/discussionguide_french.pdf	1
http://srd.alberta.ca/BioDiversityStewardship/Forests/documents/GeneConservationPlanForNativeTreesOfAlberta-May2009.pdf	1
http://www.learning.gov.ab.ca/french/adt_scol/normes/default.asp	1
http://environment.gov.ab.ca/info/library/7241.pdf	1
http://www.seniors.alberta.ca/services_resources/saying_farewell/Sayingfarewell.pdf	1
http://www.screeningforlife.ca/_files/file.php?fileid=filemwofFIgavl&filename=file_2_06_Colorectal_Cancer_Control_in_Alberta.pdf	1
http://www.assembly.ab.ca/lao/library/egovdocs/2006/alhw/152888.pdf	1
http://www.health.alberta.ca/documents/Health-Policy-Summary-2006.pdf	1
http://environment.gov.ab.ca/info/library/7696.pdf	1
http://environment.gov.ab.ca/info/library/7910.pdf	1
http://education.alberta.ca/media/922727/final%20cycle%204%20handbook-january%202009.pdf	1
http://www.health.alberta.ca/documents/Framework-For-Reform-2002.pdf	1
http://www.environment.gov.ab.ca/info/library/6428.pdf	1
http://environment.gov.ab.ca/info/library/6869.pdf	1
http://environment.gov.ab.ca/info/library/6270.pdf	1
http://www.srd.alberta.ca/BioDiversityStewardship/SpeciesAtRisk/documents/SAR130-A-HabitatSuitabilityModelForBurrowingOwlsInAlberta-MethodsAndApplications-Mar-2010.pdf	1
http://employment.alberta.ca/documents/WIA/WIA-IM_fqr_ab_plan.pdf	1
http://www.assembly.ab.ca/lao/library/egovdocs/2008/aleii/169644.pdf	1
http://www.qp.alberta.ca/documents/codes/ENERGY.PDF	1
http://www.srd.alberta.ca/BioDiversityStewardship/SpeciesAtRisk/documents/SAR131-TranslocationProtocolForTheOrd%27sKangarooRat-Mar-2010.pdf	1
http://employment.alberta.ca/documents/WIA/WIA-BETW_performance_update.pdf	1
http://www.health.alberta.ca/documents/Strategic-Healthy-Aging-Apr-2000.pdf	1
http://www.waterforlife.gov.ab.ca/docs/EnablingPartnerships.pdf	1
http://environment.gov.ab.ca/info/library/8310.pdf	1
http://www.srd.gov.ab.ca/fishwildlife/speciesatrisk/pdf/SAR_41.pdf	1
http://www.srd.gov.ab.ca/lands/managingpublicland/rangemanagement/pdf/SUBALPINE.pdf	1
http://esrd.alberta.ca/fish-wildlife/species-at-risk/species-at-risk-publications-web-resources/birds/documents/SAR-StatusBurrowingOwlAlberta-Sep2005.pdf	1
http://www.assembly.ab.ca/lao/library/egovdocs/2005/alsrd/150656.pdf	1
http://environment.gov.ab.ca/info/library/7822.pdf	1
http://environment.gov.ab.ca/info/library/7823.pdf	1
http://tradesecrets.alberta.ca/SOURCES/PDFS/course_outlines/001_outline.pdf	1
http://www.environment.gov.ab.ca/info/library/8140.pdf	1
http://www.qp.gov.ab.ca/Documents/CODES/COMPOST.CFM	1
http://www.srd.gov.ab.ca/forests/pdf/STIAmanual%20JUL29_05.pdf	1
http://www.srd.gov.ab.ca/fishwildlife/speciesatrisk/pdf/SAR_96.pdf	1
http://www.srd.gov.ab.ca/fishwildlife/fishingalberta/pdf/Fish%20Conserv%20Strategy%202006.pdf	1
http://www.assembly.ab.ca/lao/library/egovdocs/2008/alen/167034.pdf	1
http://www.sturgeoncounty.ab.ca/pdf_files/Planning/Dev_hndt.pdf	1
http://environment.gov.ab.ca/info/library/8315.pdf	1
http://esrd.alberta.ca/fish-wildlife/species-at-risk/species-at-risk-publications-web-resources/amphibians/documents/SAR083-RANA-ProvincialReport-2003.pdf	1
http://www.environment.alberta.ca/documents/Highlights_ApprovedPlan.pdf	1
http://www.assembly.ab.ca/lao/library/egovdocs/2006/alen/156845.pdf	1
http://esrd.alberta.ca/fish-wildlife/species-at-risk/species-at-risk-publications-web-resources/mammals/documents/SAR-StatusGrizzlyBearAlbertaUpdate2010-Feb2010.pdf	1
http://www.assembly.ab.ca/lao/library/egovdocs/2010/alsrd/9780778590149.pdf	1
http://esrd.alberta.ca/fish-wildlife/species-at-risk/species-at-risk-publications-web-resources/fish/documents/sar-statusarcticgraylingalberta-mar2005.pdf	1
http://www.assembly.ab.ca/lao/library/egovdocs/2005/alsrd/149691.pdf	1
http://environment.gov.ab.ca/info/library/7722.pdf	1
http://www.srd.gov.ab.ca/fishwildlife/speciesatrisk/pdf/SAR_86.pdf	1
http://www.education.alberta.ca/media/898881/electronic%20english%20version.pdf	1
http://www.srd.gov.ab.ca/lands/managingpublicland/rangemanagement/pdf/Lower_Foothills.pdf	1
http://www.srd.gov.ab.ca/fishwildlife/speciesatrisk/pdf/SAR_17.pdf	1
http://www.srd.alberta.ca/BiodiversityStewardship/GrazingRangeManagement/documents/BeneficialGrazingManagement-SageGrouse-SilverSagebrush-2004.pdf	1
http://environment.gov.ab.ca/info/library/8013.pdf	1
http://municipalaffairs.gov.ab.ca/documents/FirePreventionWeek2007.pdf	1
http://srd.alberta.ca/FishWildlife/SpeciesAtRisk/LegalDesignationOfSpeciesAtRisk/RecoveryProgram/documents/Alberta_Greater_Sage_Grouse_Recovery_Plan_2005-2010_final.pdf	1
http://environment.gov.ab.ca/info/library/5843.pdf	1
http://www.health.alberta.ca/documents/Health-of-Albertans-1999.pdf	1
http://esrd.alberta.ca/fish-wildlife/species-at-risk/species-at-risk-publications-web-resources/mammals/documents/SAR-StatusNorthernMyotisAlberta-2009Update-May2009.pdf	1
http://www.assembly.ab.ca/lao/library/egovdocs/2009/alsrd/9780778584742.pdf	1
http://environment.alberta.ca/documents/GHGanalysis03data1.pdf	1
http://environment.gov.ab.ca/info/library/8109.pdf	1
http://www.assembly.ab.ca/lao/library/egovdocs/2006/alen/171938.pdf	1
http://www.environment.gov.ab.ca/info/library/5827.pdf	1
http://www.srd.alberta.ca/lands/managingpublicland/pdf/Campbell_Creek_Timber_Grazing_Demonstration_Final_Report.pdf	1
http://environment.gov.ab.ca/info/library/8035.pdf	1
http://environment.gov.ab.ca/info/library/7657.pdf	1
http://ab-conservation.com/go/default/assets/File/Programs/AWSR/Mammal%20Reports/Status%20of%20Woodland%20Caribou%20in%20Alberta_update%202010.pdf	1
http://www.assembly.ab.ca/lao/library/egovdocs/2010/alsrd/9780778590590.pdf	1
http://esrd.alberta.ca/fish-wildlife/species-at-risk/species-at-risk-publications-web-resources/birds/documents/SAR034-PeregrineFalconSurveysParkland-Feb2002.pdf	1
http://www.srd.gov.ab.ca/fishwildlife/speciesatrisk/pdf/SAR_73.pdf	1
http://esrd.alberta.ca/fish-wildlife/species-at-risk/species-at-risk-publications-web-resources/fish/documents/SAR-StatusAthabascaRainbowTroutAlberta-Jun2009.pdf	1
http://www.assembly.ab.ca/lao/library/egovdocs/2009/alsrd/174162.pdf	1
http://employment.alberta.ca/documents/AWonline/aw_yourguide.pdf	1
http://education.alberta.ca/media/6389559/nsdreportformatted.pdf	1
http://www.treasuryboard.alberta.ca/docs/GOA_ResponsibleActions_web.pdf	1
http://srd.alberta.ca/FishWildlife/SpeciesAtRisk/LegalDesignationOfSpeciesAtRisk/RecoveryProgram/documents/Alberta_Peregrine_Plan_Riley's.pdf	1
http://www.assembly.ab.ca/lao/library/egovdocs/2007/als/170552.pdf	1
http://education.alberta.ca/media/1234045/makingadifference_2010.pdf	1
http://www.ihe.ca/publications/library/archived/profile-of-an-hta-program-the-ahfmr-health-technology-assessment-unit-2002--2003/	1
http://environment.gov.ab.ca/info/library/5939.pdf	1
http://www.environment.gov.ab.ca/info/library/7992.pdf	1
http://www.alberta-canada.com/productivity/about/741.html	1
http://www.alberta-canada.com/productivity/media/Alberta_Guide_to_Productivity.pdf	1
http://education.alberta.ca/media/1165612/albertaassessmentstudyfinalreport.pdf	1
http://environment.gov.ab.ca/info/library/8236.pdf	1
http://education.alberta.ca/media/696711/support.pdf	1
http://www.tradesecrets.gov.ab.ca/trades/pdf/trade_course_outlines/011_outline.pdf	1
http://esrd.alberta.ca/lands-forests/grazing-range-management/documents/Regional_Grazing_Plan_Whitecourt_Edson.pdf	1
http://www.alis.gov.ab.ca/pdf/cshop/JobSeekers.pdf	1
http://environment.gov.ab.ca/info/library/7726.pdf	1
http://environment.gov.ab.ca/info/library/7731.pdf	1
http://education.alberta.ca/media/1228042/emerge%20year%20two%20report%20final.pdf	1
http://environment.gov.ab.ca/info/library/8296.pdf	1
http://www.municipalaffairs.gov.ab.ca/documents/ms/Muni_Resource_Gr6_Edu_MA.pdf	1
http://environment.gov.ab.ca/info/library/5852.pdf	1
http://www.srd.gov.ab.ca/fishwildlife/speciesatrisk/pdf/OKRA%20Monitoring%20Protocols%20-%20Final%20final_secured.pdf	1
http://www.health.alberta.ca/documents/Swan-Hills-Report-2004.pdf	1
http://environment.gov.ab.ca/info/library/8044.pdf	1
http://employment.alberta.ca/documents/WHS/WHS-PUB_workingalone.pdf	1
http://environment.alberta.ca/documents/WMP_for_Lesser_Slave_Lake_phase1_ToR.pdf	1
http://www.energy.alberta.ca/Electricity/pdfs/NuclearPowerReport.pdf	1
http://www.environment.gov.ab.ca/info/library/5800.pdf	1
http://environment.gov.ab.ca/info/library/5800.pdf	1
http://www.albertacanada.com/documents/AERO-AIS_VectortoDiversity.pdf	1
http://www.acsw.ab.ca/pdfs/aish_finalreport.pdf	1
http://environment.gov.ab.ca/info/library/7744.pdf	1
http://www.wwmc.ca/pdf/Lake%20Wabamu%20-%20A%20Review%20of%20Scientific%20Studies%20and%20Environment.pdf	1
http://www.assembly.ab.ca/lao/library/egovdocs/alen/2002/141162.pdf	1
http://environment.gov.ab.ca/info/library/6705.pdf	1
http://education.alberta.ca/media/941536/whatweheardreport_french.pdf	1
http://environment.gov.ab.ca/info/library/6862.pdf	1
http://www.business.ualberta.ca/en/Centres/CIBS/Outreach/PublicationsResearch/~/media/business/Centres/CIBS/Documents/Publications/PipelineWithCIP.ashx	1
http://www.menet.ab.ca/670.asp	1
http://www.srd.gov.ab.ca/fishwildlife/speciesatrisk/pdf/SAR_48.pdf	1
http://environment.gov.ab.ca/info/library/7721.pdf	1
http://www.srd.gov.ab.ca/lands/managingpublicland/rangemanagement/pdf/Roughfescuect.pdf	1
http://education.alberta.ca/media/938191/wwh_setting_the_direction.pdf	1
http://www.albertacourts.ab.ca/familylaw/pdf/book18.pdf	1
http://www.srd.gov.ab.ca/fishwildlife/speciesatrisk/pdf/SAR_93.pdf	1
http://www.qp.gov.ab.ca/Documents/CODES/FOUNDRY.CFM	1
http://education.alberta.ca/media/697946/(3)%20intensive%20individualized%20supports%20(red).pdf	1
http://environment.gov.ab.ca/info/library/6619.pdf	1
http://www.aadac.com/documents/PChADSumReport-electronic.pdf	1
http://www.srd.gov.ab.ca/fishwildlife/speciesatrisk/pdf/SAR_99.pdf	1
http://environment.gov.ab.ca/info/library/7879.pdf	1
http://environment.gov.ab.ca/info/library/7913.pdf	1
http://www.assembly.ab.ca/lao/library/egovdocs/2007/alen/164691.pdf	1
http://www.sturgeoncounty.ab.ca/pdf_files/Planning/ToolKit.pdf	1
http://www1.agric.gov.ab.ca/$department/deptdocs.nsf/all/agdex10647/$file/wwtw2006final.pdf?OpenElement	1
http://www.srd.gov.ab.ca/fishwildlife/speciesatrisk/pdf/SAR_68.pdf	1
http://esrd.alberta.ca/fish-wildlife/species-at-risk/species-at-risk-publications-web-resources/plants/documents/SAR-StatusWhitebarkPineAlberta-Nov2007.pdf	1
http://www.assembly.ab.ca/lao/library/egovdocs/2007/alsrd/166440.pdf	1
http://education.alberta.ca/media/413413/commissionreport.pdf	1
http://environment.gov.ab.ca/info/library/7960.pdf	1
http://www.assembly.ab.ca/lao/library/egovdocs/2008/alen/167027.pdf	1
http://www.finance.alberta.ca/economic-development/competitiveness/2010-Report-on-Competitiveness-Highlights.pdf	1
http://www.srd.gov.ab.ca/fishwildlife/speciesatrisk/pdf/SAR_79.pdf	1
http://environment.gov.ab.ca/info/library/6646.pdf	1
http://www.tradesecrets.gov.ab.ca/trades/pdf/trade_course_outlines/017_outline.pdf	1
http://www.education.gov.ab.ca/french/m_12/educCivique/default.asp	1
http://www.ab-conservation.com/go/default/assets/File/Programs/AWSR/Mammal%20Reports/Status%20of%20Ords%20Kangaroo%20Rat%20in%20Alberta_1997.pdf	1
http://www.assembly.ab.ca/lao/library/egovdocs/1997/alen/42236.pdf	1
http://www.assembly.ab.ca/lao/library/egovdocs/2008/alag/171946.pdf	1
http://environment.gov.ab.ca/info/library/7906.pdf	1
http://education.alberta.ca/media/524889/infomanual.pdf	1
http://environment.gov.ab.ca/info/library/8164.pdf	1
http://www.environment.gov.ab.ca/info/library/6361.pdf	1
http://education.alberta.ca/media/1173783/final%20summary%20report-oct-21-09.pdf	1
http://www.assembly.ab.ca/lao/library/egovdocs/alog/1992/80285.pdf	1
http://www.assembly.ab.ca/lao/library/egovdocs/2007/als/163064.pdf	1
http://environment.gov.ab.ca/info/library/7723.pdf	1
http://environment.gov.ab.ca/info/library/8151.pdf	1
http://www.srd.gov.ab.ca/fishwildlife/livingwith/huntingalberta/pdf/MgmtPlanWolves.pdf	1
http://environment.gov.ab.ca/info/library/8187.pdf	1
http://www.assembly.ab.ca/lao/library/egovdocs/alsrd/2003/144964.pdf	1
http://www1.agric.gov.ab.ca/$department/deptdocs.nsf/all/agdex1125/$file/878-4.pdf?OpenElement	1
http://www.srd.alberta.ca/BioDiversityStewardship/SpeciesAtRisk/documents/SAR129-ImplementationOfTheAlbertaPipingPloverRecoveryPlan-2005-10FinalProgramReport-Mar-2010.pdf	1
http://www.srd.gov.ab.ca/lands/managingpublicland/rangemanagement/pdf/RF_on_PipelinesforONLINE.pdf	1
http://tradesecrets.alberta.ca/SOURCES/PDFS/course_outlines/0361_outline.pdf	1
http://albertaparks.ca/media/123247/annualreport9798.pdf	1
http://education.alberta.ca/media/842010/ecs_specialedhdbk2008-2009.pdf	1
http://srd.alberta.ca/FishWildlife/SpeciesAtRisk/SpeciesAtRiskPublicationsWebResources/Amphibians/documents/SAR053-AmphibianCallSurveys-Apr2002.pdf	1
http://environment.gov.ab.ca/info/library/7922.pdf	1
http://www.assembly.ab.ca/lao/library/egovdocs/2007/aljag/162679.pdf	1
http://www.assembly.ab.ca/lao/library/egovdocs/altd/2002/135321.pdf	1
http://education.alberta.ca/media/528965/litreview.pdf	1
http://www.srd.alberta.ca/BioDiversityStewardship/SpeciesAtRisk/documents/SAR125-BeneficialManagementPractices-OrdsKangarooRatInAlberta-Jul2009.pdf	1
http://environment.gov.ab.ca/info/library/7433.pdf	1
http://www.srd.gov.ab.ca/fishwildlife/speciesatrisk/pdf/SAR_11.pdf	1
http://www.srd.gov.ab.ca/forests/pdf/InFocus/economic_impact_ab_forest_industry_2008_july0408.pdf	1
http://www.srd.alberta.ca/FishWildlife/SpeciesAtRisk/documents/SAR109-RattlersAndPeople-ConservingRattlesnakesInLethbridge-APR-2009.pdf	1
http://www.assembly.ab.ca/lao/library/egovdocs/2006/alad/155134.pdf	1
http://www.energy.alberta.ca/Org/pdfs/AB_ProvincialEnergyStrategy.pdf	1
http://www.energy.alberta.ca/Initiatives/strategy.asp	1
http://www.srd.gov.ab.ca/fishwildlife/speciesatrisk/pdf/SAR_76.pdf	1
http://www.srd.gov.ab.ca/fishwildlife/speciesatrisk/pdf/SAR_35.pdf	1
http://alis.alberta.ca/pdf/cshop/winto.pdf	1
http:http://esrd.alberta.ca/fish-wildlife/species-at-risk/species-at-risk-publications-web-resources/amphibians/documents/SAR-StatusNorthernLeopardFrog-1997.pdf	1
http:http://www.assembly.ab.ca/lao/library/egovdocs/1997/alen/42211.pdf	1
http://environment.gov.ab.ca/info/library/6406.pdf	1
http://education.alberta.ca/media/1321603/chin6_cam.pdf	1
http://www.srd.alberta.ca/BioDiversityStewardship/SpeciesAtRisk/RecoveryProgram/documents/AlbertaPipingPloverRecoveryPlan2010-2020.pdf	1
http://environment.gov.ab.ca/info/library/6843.pdf	1
http://humanservices.alberta.ca/abuse-bullying/15415.html	1
http://humanservices.alberta.ca/documents/child-sexual-exploitation-omnialberta.pdf	1
http://tpr.alberta.ca/parks/heritageinfocentre/docs/Central%20Parklands%20Report.pdf	1
http://environment.gov.ab.ca/info/library/6026.pdf	1
http://srd.alberta.ca/LandsForests/GrazingRangeManagement/documents/FoothillsFescueSubregionAssessmentGuidelines.pdf	1
http://www.srd.gov.ab.ca/forests/pdf/STAND%20DYNAMIC%20SYSTEM%20MANUAL%20MAR%2005.pdf	1
http://www.assembly.ab.ca/lao/library/egovdocs/2006/alad/153968.pdf	1
http://environment.gov.ab.ca/info/library/6810.pdf	1
http://environment.gov.ab.ca/info/library/6143.pdf	1
http://environment.gov.ab.ca/info/library/8144.pdf	1
http://education.alberta.ca/media/1321607/ger6_cam.pdf	1
http://environment.gov.ab.ca/info/library/7915.pdf	1
http://tpr.alberta.ca/parks/heritageinfocentre/docs/Four_Wildland_Parks_Spider.pdf	1
http://foip.alberta.ca/resources/guidelinespractices/	1
http://tpr.alberta.ca/parks/heritageinfocentre/docs/shrublands_classification.pdf	1
http://environment.gov.ab.ca/info/library/6144.pdf	1
http://environment.gov.ab.ca/info/library/8065.pdf	1
http://education.alberta.ca/media/1082124/whatweheard_phase2_english.pdf	1
http://www.srd.gov.ab.ca/fishwildlife/livingwith/huntingalberta/pdf/MgmtPlanPronghorn.pdf	1
http://education.alberta.ca/media/6412256/colloquium_on_large_scale_improvement_implications_for_aisi_2008.pdf	1
http://www.albertawatercouncil.ca/Portals/0/pdfs/Renewal_Final_Report.pdf	1
http://environment.gov.ab.ca/info/library/6808.pdf	1
http://environment.gov.ab.ca/info/library/7736.pdf	1
http://education.alberta.ca/media/511693/ecep_deaf_or_hard_of_hearing.pdf	1
http://www.assembly.ab.ca/lao/library/egovdocs/alen/2003/141128.pdf	1
http://environment.gov.ab.ca/info/library/8157.pdf	1
http://www.calgaryhealthregion.ca/mh/pdfs/approvedhomes/ScheduleFStandardsSupportiveLiving.pdf	1
http://environment.gov.ab.ca/info/library/6673.pdf	1
http://environment.gov.ab.ca/info/library/8252.pdf	1
http://environment.gov.ab.ca/info/library/7957.pdf	1
http://www.assembly.ab.ca/lao/library/egovdocs/2008/alen/167033.pdf	1
http://environment.gov.ab.ca/info/library/7727.pdf	1
http://www.assembly.ab.ca/lao/library/egovdocs/2006/alpm/156588.pdf	1
http://education.alberta.ca/media/6343889/emerge%20final%20report%202010-10-17.pdf	1
http://www.sturgeoncounty.ab.ca/pdf_files/Planning/Cit_Guide.pdf	1
http://esrd.alberta.ca/fish-wildlife/species-at-risk/species-at-risk-publications-web-resources/invertebrates/documents/SAR-StatusVernasFlowerMothAlberta-Apr2008.pdf	1
http://www.assembly.ab.ca/lao/library/egovdocs/2008/alsrd/166442.pdf	1
http://environment.gov.ab.ca/info/library/5694.pdf	1
http://www.srd.gov.ab.ca/fishwildlife/speciesatrisk/pdf/SAR_36.pdf	1
http://esrd.alberta.ca/fish-wildlife/species-at-risk/species-at-risk-publications-web-resources/plants/documents/SAR-StatusSlenderMouse-ear-cressAlberta-Feb2000.pdf	1
http://www.assembly.ab.ca/lao/library/egovdocs/2005/alsrd/147562.pdf	1
http://environment.gov.ab.ca/info/library/7737.pdf	1
http://www.srd.gov.ab.ca/lands/managingpublicland/rangemanagement/pdf/RoughfescueHwildrye.pdf	1
http://environment.gov.ab.ca/info/library/8358.pdf	1
http://www4.gov.ab.ca/just/pub/publ_result.cfm?p_id=2253	1
http://www.assembly.ab.ca/lao/library/egovdocs/alhw/2000/74783.pdf	1
http://www.assembly.ab.ca/lao/library/egovdocs/2010/aleii/9780778591177.pdf	1
http://srd.alberta.ca/fishwildlife/speciesatrisk/pdf/SAR_62.pdf	1
http://esrd.alberta.ca/fish-wildlife/species-at-risk/species-at-risk-publications-web-resources/plants/documents/SAR-StatusWesternBlueFlag-Jun2005.pdf	1
http://www.assembly.ab.ca/lao/library/egovdocs/2005/alsrd/149690.pdf	1
http://www.assembly.ab.ca/lao/library/egovdocs/alen/2002/137352.pdf	1
http://www.assembly.ab.ca/lao/library/egovdocs/2008/aleii/168504.pdf	1
http://www.assembly.ab.ca/lao/library/egovdocs/alchs/2000/76890.pdf	1
http://www.srd.gov.ab.ca/fishwildlife/speciesatrisk/pdf/SAR_75.pdf	1
http://www.assembly.ab.ca/lao/library/egovdocs/alen/1999/64529.pdf	1
http://environment.gov.ab.ca/info/library/7944.pdf	1
http://www.assembly.ab.ca/lao/library/egovdocs/2008/alen/167035.pdf	1
http://www.antelopecreekranch.ca/pdf/2007-wildlife-survey.pdf	1
http://environment.gov.ab.ca/info/posting.asp?assetid=8161	1
http://www1.agric.gov.ab.ca/$department/deptdocs.nsf/all/sdd9533	1
http://environment.gov.ab.ca/info/library/5975.pdf	1
http://environment.gov.ab.ca/info/library/5695.pdf	1
http://www.assembly.ab.ca/lao/library/egovdocs/2008/alsrd/166439.pdf	1
http://www.assembly.ab.ca/lao/library/egovdocs/2006/als/153643.pdf	1
http://www.srd.gov.ab.ca/fishwildlife/speciesatrisk/pdf/SAR_56.pdf	1
http://esrd.alberta.ca/about-esrd/ministers-office/corporate-documents/corporate-documents-archive.aspx	1
http://www.oag.ab.ca/	1
http://www.srd.gov.ab.ca/fishwildlife/livingwith/huntingalberta/pdf/MgmtPlanMuleDeer.pdf	1
http://environment.gov.ab.ca/info/library/7896.pdf	1
http://www.international.alberta.ca/documents/International/IOT_Office_Review_(2).pdf	1
http://education.alberta.ca/media/677223/guide.pdf	1
http://environment.gov.ab.ca/info/library/7724.pdf	1
http://www.srd.gov.ab.ca/fishwildlife/speciesatrisk/pdf/SAR_69.pdf	1
http://environment.gov.ab.ca/info/library/6655.pdf	1
http://www.aglc.ca/pdf/news/ALGCRoundtableReportWeb.pdf	1
http://www.assembly.ab.ca/lao/library/egovdocs/alen/2001/132400.pdf	1
http://www.assembly.ab.ca/lao/library/egovdocs/2008/alae/9780778575160.pdf	1
http://www.srd.gov.ab.ca/fishwildlife/speciesatrisk/pdf/SAR_84.pdf	1
http://environment.gov.ab.ca/info/library/6207.pdf	1
http://www.education.alberta.ca/media/1096318/acces%20au%20financement%20pour%20eleves%20etrangers_web.pdf.pdf	1
http://www.srd.gov.ab.ca/fishwildlife/speciesatrisk/pdf/SAR_24.pdf	1
http://www.albertacourts.ab.ca/familylaw/pdf/book22inst.pdf	1
http://www.qp.gov.ab.ca/Documents/CODES/COMPRESS.CFM	1
http://www.environment.gov.ab.ca/info/library/7632.pdf	1
http://environment.gov.ab.ca/info/library/7615.pdf	1
http://www.assembly.ab.ca/lao/library/egovdocs/2006/alhw/156840.pdf	1
http://www.amhb.ab.ca/Publications/publications/Documents/IHE%20Economic%20Statistics%202007.pdf	1
http://environment.gov.ab.ca/info/library/6692.pdf	1
http://environment.gov.ab.ca/info/library/8273.pdf	1
http://www.srd.gov.ab.ca/fishwildlife/speciesatrisk/pdf/SAR_10.pdf	1
http://www.assembly.ab.ca/lao/library/egovdocs/2005/als/152015.pdf	1
http://education.alberta.ca/media/1232521/implementing%201-to-1%20laptop%20learning%20in%20alberta%20schools%20final.pdf	1
http://www.qp.gov.ab.ca/Documents/CODES/ASPHALT.CFM	1
http://tpr.alberta.ca/parks/heritageinfocentre/docs/Prelim_Class_Nat_Wheat_Grass.pdf	1
http://www.srd.gov.ab.ca/fishwildlife/speciesatrisk/pdf/SAR_46.pdf	1
http://www.srd.alberta.ca/FishWildlife/SpeciesAtRisk/documents/SAR138-PopulationStudyWesternGrebesAlberta2001to2009-Nov2010.pdf	1
http://www.assembly.ab.ca/lao/library/egovdocs/alph/1998/53593.pdf	1
http://www.assembly.ab.ca/lao/library/egovdocs/2006/alhw/156584.pdf	1
http://environment.gov.ab.ca/info/library/6786.pdf	1
http://environment.gov.ab.ca/info/library/7733.pdf	1
http://srd.alberta.ca/BioDiversityStewardship/SpeciesAtRisk/documents/SAR19-SageGrouseChicks.pdf	1
http://srd.alberta.ca/FishWildlife/SpeciesAtRisk/SpeciesAtRiskPublicationsWebResources/Reptiles/documents/SAR030-Red-sidedGarterSnakeRelocationEducationFinalReport-Mar2002.pdf	1
http://www.srd.gov.ab.ca/fishwildlife/speciesatrisk/pdf/sar_30.pdf	1
http://environment.gov.ab.ca/info/library/6720.pdf	1
http://environment.gov.ab.ca/info/library/6632.pdf	1
http://environment.gov.ab.ca/info/library/7869.pdf	1
http://environment.gov.ab.ca/info/library/6785.pdf	1
http://education.alberta.ca/media/1164696/hsc-key-to-success.pdf	1
http://www.albertaparks.ca/media/3193926/botrychium_report_final%202002.pdf	1
http://environment.gov.ab.ca/info/library/5726.pdf	1
http://alis.alberta.ca/pdf/cshop/FindersKeepers.pdf	1
http://environment.gov.ab.ca/info/library/7914.pdf	1
https://landuse.alberta.ca/LandUse%20Documents/Land-use%20Framework%20-%202008-12.pdf	1
http://environment.gov.ab.ca/info/library/7256.pdf	1
http://www.srd.gov.ab.ca/fishwildlife/livingwith/huntingalberta/pdf/MgmtPlanGrizzlyBears.pdf	1
http://www.assembly.ab.ca/lao/library/egovdocs/2007/alhw/165628.pdf	1
http://www.qp.gov.ab.ca/Documents/CODES/FISHCODE.CFM	1
http://esrd.alberta.ca/fish-wildlife/species-at-risk/species-at-risk-publications-web-resources/mammals/documents/SAR033-WoodlandCaribouHabitatClassNEalbertaRemote-May2001.pdf	1
http://www.assembly.ab.ca/lao/library/egovdocs/2007/alen/164682.pdf	1
http://www.assembly.ab.ca/lao/library/egovdocs/1997/alen/42224.pdf	1
http://www.environment.gov.ab.ca/info/library/6694.pdf	1
http://tpr.alberta.ca/parks/heritageinfocentre/docs/Pakowki_Report.pdf	1
http://tpr.alberta.ca/parks/heritageinfocentre/docs/Pakowki_Appendices.pdf	1
http://www.srd.gov.ab.ca/fishwildlife/speciesatrisk/pdf/SAR_97.pdf	1
http://environment.gov.ab.ca/info/library/6169.pdf	1
http://environment.gov.ab.ca/info/library/6697.pdf	1
http://humanservices.alberta.ca/documents/PlanForAB_Secretariat_final.pdf	1
http://humanservices.alberta.ca/homelessness/14628.html	1
http://humanservices.alberta.ca/documents/Homeless-ID-Training-Materials.pdf	1
http://environment.gov.ab.ca/info/library/8139.pdf	1
http://www.srd.gov.ab.ca/fishwildlife/fishingalberta/pdf/FishConservStrat.pdf	1
http://environment.gov.ab.ca/info/library/7728.pdf	1
http://www.assembly.ab.ca/lao/library/egovdocs/2007/alchs/174226.pdf	1
http://tradesecrets.alberta.ca/SOURCES/PDFS/course_outlines/0421_outline.pdf	1
http://www.learning.gov.ab.ca/rco/	1
http://www.tradesecrets.gov.ab.ca/trades/pdf/trade_course_outlines/004_outline.pdf	1
http://environment.gov.ab.ca/info/library/7909.pdf	1
http://www1.agric.gov.ab.ca/$department/deptdocs.nsf/all/sdd9531	1
http://environment.gov.ab.ca/info/library/7819.pdf	1
http://environment.gov.ab.ca/info/library/7919.pdf	1
http://www.assembly.ab.ca/lao/library/egovdocs/2007/alen/164685.pdf	1
http://www.srd.gov.ab.ca/lands/managingpublicland/rangemanagement/pdf/lfroseesd.pdf	1
http://environment.gov.ab.ca/info/library/6710.pdf	1
http://education.alberta.ca/media/1093791/earlylearning.pdf	1
http://www.tpr.alberta.ca/parks/heritageinfocentre/docs/bat_report_lausen.pdf	1
http://environment.gov.ab.ca/info/library/5829.pdf	1
http://esrd.alberta.ca/fish-wildlife/species-at-risk/species-at-risk-publications-web-resources/mammals/documents/SAR-WoodlandCaribouRecoveryPlan-Jul2005.pdf	1
http://esrd.alberta.ca/fish-wildlife/species-at-risk/species-at-risk-publications-web-resources/plants/documents/SAR-StatusTinyCryptanthe-Sep2004.pdf	1
http://www.assembly.ab.ca/lao/library/egovdocs/2004/alsrd/147207.pdf	1
http://environment.gov.ab.ca/info/library/5840.pdf	1
http://www.assembly.ab.ca/lao/library/egovdocs/2009/aleii/173464.pdf	1
http://www.assembly.ab.ca/lao/library/egovdocs/alph/1997/41703.pdf	1
http://www.health.alberta.ca/documents/Swan-Hills-Impact-Report-1997.pdf	1
http://www.srd.gov.ab.ca/lands/managingpublicland/rangemanagement/pdf/BOREAL_MIXEDWOOD.pdf	1
http://environment.gov.ab.ca/info/library/6851.pdf	1
http://www.srd.gov.ab.ca/fieldoffices/prairies/fisheriesmanagement/pdf/Lower_Bow_consult_report_2000.pdf	1
http://www.health.alberta.ca/documents/WNv-Infection-Rate-Report-09.pdf	1
http://www1.agric.gov.ab.ca/$department/deptdocs.nsf/all/sdd9532	1
http://www.learning.gov.ab.ca/k_12/special/aisi/csse/CSSE_2000.pdf	1
http://environment.gov.ab.ca/info/library/7917.pdf	1
http://www.assembly.ab.ca/lao/library/egovdocs/2007/alen/164694.pdf	1
http://environment.gov.ab.ca/info/library/7868.pdf	1
http://environment.gov.ab.ca/info/library/7729.pdf	1
http://environment.gov.ab.ca/info/library/7702.pdf	1
http://www.environment.gov.ab.ca/info/library/5847.pdf	1
http://www.forestry.ubc.ca/burgess/mcdougall.html	1
http://environment.gov.ab.ca/info/library/6792.pdf	1
http://www.transportation.alberta.ca/Content/docType48/Production/savinglives.pdf	1
http://environment.gov.ab.ca/info/library/7964.pdf	1
http://www.assembly.ab.ca/lao/library/egovdocs/2008/alen/167003.pdf	1
http://esrd.alberta.ca/lands-forests/landuse-planning/documents/IntegratedResourcePlan-RedDeerRiverCorridor-2000.pdf	1
http://esrd.alberta.ca/fish-wildlife/species-at-risk/species-at-risk-publications-web-resources/amphibians/documents/SAR-StatusNorthernLeopardFrogAlberta-Mar2003.pdf	1
http://www.assembly.ab.ca/lao/library/egovdocs/2003/alsrd/139642.pdf	1
http://education.alberta.ca/media/1133263/the%20learning%20mosaic.pdf	1
http://www.srd.gov.ab.ca/fishwildlife/speciesatrisk/pdf/SAR_66.pdf	1
http://www.assembly.ab.ca/lao/library/egovdocs/alhre/2004/146544.pdf	1
http://environment.gov.ab.ca/info/library/6248.pdf	1
http://www.seniors.gov.ab.ca/CSS/bii/survival_guide/index.asp	1
http://www.srd.gov.ab.ca/fishwildlife/speciesatrisk/pdf/SAR_8.pdf	1
http://education.alberta.ca/media/770300/gla_2006_07_pilot_data%20report.pdf	1
http://environment.gov.ab.ca/info/library/7704.pdf	1
http://environment.gov.ab.ca/info/library/7634.pdf	1
http://esrd.alberta.ca/fish-wildlife/species-at-risk/species-at-risk-publications-web-resources/birds/documents/SAR-StatusBurrowingOwl-1997.pdf	1
http://www.assembly.ab.ca/lao/library/egovdocs/1997/alen/42205.pdf	1
http://employment.alberta.ca/BI/2656.html	1
http://www.assembly.ab.ca/lao/library/egovdocs/2007/aleii/164450.pdf	1
http://www.srd.gov.ab.ca/fishwildlife/speciesatrisk/pdf/SAR_45.pdf	1
http://greenregistry.org/media/Documents/Beef%20Feeding%20(Reducing%20Days-On-Feed)%20Quantification%20Protocol.pdf	1
http://www.srd.alberta.ca/ManagingPrograms/PreventingFightingWildfire/FireSmart/documents/FireSmart-Guidebook-OilAndGasIndustry-2008.pdf	1
http://esrd.alberta.ca/fish-wildlife/species-at-risk/species-at-risk-publications-web-resources/birds/documents/SAR-StatusSpraguesPipitAlberta-1997.pdf	1
http://www.assembly.ab.ca/lao/library/egovdocs/1997/alen/42208.pdf	1
http://education.alberta.ca/media/697942/(2)%20a%20classroom%20approach%20for%20posting%20(orange).pdf	1
http://www.altaebc.ab.ca/Reports.html	1
http://www.child.alberta.ca/home/documents/childintervention/CIS_Review_Report_for_web.pdf	1
http://www.health.alberta.ca/documents/Accountability-in-Health-1999.pdf	1
http://education.alberta.ca/media/831747/punj5_cam.pdf	1
http://www.srd.gov.ab.ca/fishwildlife/speciesatrisk/pdf/SAR_43.pdf	1
http://www.environment.gov.ab.ca/info/library/7217.pdf#search=%22%22uncertainties%20in%20greenhouse%20gas%20induced%20climate%20change%22%22	1
http://www3.gov.ab.ca/env/water/regions/ssrb/pdf/Summary_SSRB_Plan.pdf	1
http://www.srd.gov.ab.ca/lands/managingpublicland/rangemanagement/pdf/Foragegrowth.pdf	1
http://www.ab-conservation.com/go/default/assets/File/Programs/AWSR/Reptile%20Amphibian%20and%20Fish%20Reports/Status%20of%20Short-horned%20Lizard%20in%20Alberta_update%202004.pdf	1
http://esrd.alberta.ca/fish-wildlife/species-at-risk/species-at-risk-publications-web-resources/reptiles/documents/SAR-StatusShortHornedLizardAlberta-June2004.pdf	1
http://www.assembly.ab.ca/lao/library/egovdocs/2004/alsrd/146362.pdf	1
http://www.assembly.ab.ca/lao/library/egovdocs/2010/aleii/9780778591160.pdf	1
http://esrd.alberta.ca/fish-wildlife/species-at-risk/species-at-risk-publications-web-resources/plants/documents/SAR-StatusSlenderMouse-ear-cress-Aug2009.pdf	1
http://www.assembly.ab.ca/lao/library/egovdocs/2009/alsrd/9780778587156.pdf	1
http://environment.gov.ab.ca/info/library/7543.pdf	1
http://www.srd.gov.ab.ca/fishwildlife/speciesatrisk/pdf/SAR_58.pdf	1
http://environment.gov.ab.ca/info/library/8148.pdf	1
http://www.health.alberta.ca/documents/STI-Surveillance-Report-98-02.pdf	1
http://environment.gov.ab.ca/info/library/6811.pdf	1
http://www.assembly.ab.ca/lao/library/egovdocs/2007/alchs/164492.pdf	1
http://www.assembly.ab.ca/lao/library/egovdocs/alen/1998/47543.pdf	1
http://www.srd.gov.ab.ca/fishwildlife/speciesatrisk/pdf/SAR_64.pdf	1
http://www.srd.gov.ab.ca/fishwildlife/speciesatrisk/pdf/SAR_80.pdf	1
http://www.assembly.ab.ca/lao/library/egovdocs/alhre/2004/146271.pdf	1
http://www.gov.ab.ca/servicealberta/LowerIncomeGuide/pages/index.asp?Mode=FULL	1
http://environment.gov.ab.ca/info/library/7793.pdf	1
http://www.transportation.alberta.ca/Content/docType48/Production/trafficsafetyplan.pdf	1
http://srd.alberta.ca/BioDiversityStewardship/SpeciesAtRisk/documents/SAR121-2006WesternGrebesOfAlberta-2006FieldSummary-Dec2008.pdf	1
http://education.alberta.ca/literacy/docs/Summary_of_input.pdf	1
http://www.environment.gov.ab.ca/info/library/6614.pdf	1
http://environment.gov.ab.ca/info/library/7778.pdf	1
http://www.transportation.alberta.ca/Content/docType45/Production/gearedtogoapril2008.pdf	1
http://www.srd.gov.ab.ca/fishwildlife/speciesatrisk/pdf/SAR_42.pdf	1
http://www.albertaparks.ca/media/3195115/northern_mushrooms.pdf	1
http://www.srd.gov.ab.ca/fishwildlife/livingwith/huntingalberta/pdf/MgmtPlanMountainGoat.pdf	1
http://environment.gov.ab.ca/info/library/8272.pdf	1
http://environment.gov.ab.ca/info/library/7730.pdf	1
http://www.assembly.ab.ca/lao/library/egovdocs/2008/alad/170780.pdf	1
http://www.srd.alberta.ca/BioDiversityStewardship/GrazingRangeManagement/documents/MixedGrassSubregionAssessmentGuidelines.pdf	1
http://www.education.gov.ab.ca/french/adt%5Fscol/normes/normes.pdf	1
http://www.srd.gov.ab.ca/fishwildlife/speciesatrisk/pdf/SAR_47.pdf	1
http://www.library.ualberta.ca/documents/focusonresearch.pdf	1
http://www.srd.gov.ab.ca/fishwildlife/speciesatrisk/pdf/SAR_104.pdf	1
http://open.alberta.ca/dataset?q=%22railway+property+assessment+minister%27s+guidelines%22	1
http://www.assembly.ab.ca/lao/library/egovdocs/alard/2004/147545.pdf	1
http://employment.alberta.ca/documents/WIA/WIA-BETW_strategy.pdf	1
http://www.albertawatercouncil.ca/Portals/0/pdfs/IBWM%20Research%20Report%202008.pdf	1
http://environment.gov.ab.ca/info/library/7963.pdf	1
http://www.assembly.ab.ca/lao/library/egovdocs/2008/alen/167031.pdf	1
http://environment.gov.ab.ca/info/library/7273.pdf	1
http://environment.gov.ab.ca/info/library/7263.pdf	1
http://humanservices.alberta.ca/department/premiers-council-ads.html	1
http://humanservices.alberta.ca/documents/premiers-council-ads-summary.pdf	1
http://humanservices.alberta.ca/documents/premiers-council-ads-core-supports.pdf	1
http://www.waterforlife.gov.ab.ca/docs/summary_report.pdf	1
http://www.srd.gov.ab.ca/fishwildlife/speciesatrisk/pdf/SAR_18.pdf	1
http://www.ihe.ca/publications/library/archived/brachytherapy-for-prostate-cancer/	1
http://www.gov.ab.ca/documents/peopleprosperity	1
http://www.srd.gov.ab.ca/fishwildlife/speciesatrisk/statusofalbertawildspecies/default.aspx	1
http://www.srd.gov.ab.ca/fishwildlife/speciesatrisk/generalstatus.aspx	1
http://srd.alberta.ca/FishWildlife/SpeciesAtRisk/SpeciesAtRiskPublicationsWebResources/Plants/documents/SAR134-VolunteerBasedConservationInitiativeRarePlantsLichensProgramSummary20052008-Mar2010.pdf	1
http://aet.alberta.ca/media/219400/living%20literacy.pdf	1
http://www.assembly.ab.ca/lao/library/egovdocs/2008/alchs/167051.pdf	1
http://education.alberta.ca/media/933510/emerge%20year%20one%20report%20final.pdf	1
http://education.alberta.ca/media/7145083/inspiring%20education%20steering%20committee%20report.pdf	1
http://education.alberta.ca/media/817652/malentendants.pdf	1
http://environment.gov.ab.ca/info/library/5836.pdf	1
http://www.srd.gov.ab.ca/fishwildlife/speciesatrisk/pdf/SAR_59.pdf	1
http://employment.alberta.ca/documents/WIA/WIA-BETW_energy_strategy.pdf	1
http://srd.alberta.ca/FishWildlife/SpeciesAtRisk/LegalDesignationOfSpeciesAtRisk/RecoveryProgram/documents/AB_NLFR_RECOVERY_PLAN_2005_2010_FINAL.pdf	1
http://environment.gov.ab.ca/info/library/6433.pdf	1
http://www.qp.alberta.ca/documents/codes/FORAGE.PDF	1
http://www.child.alberta.ca/home/documents/childrenwithdisabilities/FSCD_ParentGuide_20090113.pdf	1
http://tobacco.aadac.com/documents/youth_detox_residential_treatment_lit_review_final_report.pdf	1
http://www.aadac.com/documents/youth_detox_residential_treatment_lit_review_final_report.pdf	1
http://esrd.alberta.ca/fish-wildlife/species-at-risk/species-at-risk-publications-web-resources/birds/documents/SAR-StatusBrownCreeperAlberta-Jun2003.pdf	1
http://www.assembly.ab.ca/lao/library/egovdocs/2003/alsrd/141159.pdf	1
http://www.alis.gov.ab.ca/pdf/cshop/xtremesafety.pdf	1
http://www.environment.gov.ab.ca/info/library/7988.pdf	1
http://environment.gov.ab.ca/info/library/7945.pdf	1
http://www.assembly.ab.ca/lao/library/egovdocs/2008/alen/167026.pdf	1
http://site.ebrary.com/lib/ualberta/Doc?id=10325562	1
http://site.ebrary.com/lib/rdcollege/Doc?id=10325562	1
http://site.ebrary.com/lib/macewan/Doc?id=10325562	1
http://environment.gov.ab.ca/info/library/6997.pdf	1
http://environment.gov.ab.ca/info/library/7918.pdf	1
http://www.gov.ab.ca/home/documents/At_a_Crossroads_-_screen.pdf	1
http://www.assembly.ab.ca/lao/library/egovdocs/2007/alz/162424.pdf	1
http://education.alberta.ca/literacy/docs/Sommaire%20des%20commentaires_Ebauche.pdf	1
http://esrd.alberta.ca/fish-wildlife/species-at-risk/species-at-risk-publications-web-resources/birds/documents/SAR-StatusBarredOwlAlberta-Jan2005.pdf	1
http://www.assembly.ab.ca/lao/library/egovdocs/2005/alsrd/147563.pdf	1
http://education.alberta.ca/media/6346738/faireunedifference.pdf	1
http://www.environment.gov.ab.ca/info/library/7209.pdf	1
http://environment.gov.ab.ca/info/library/8149.pdf	1
http://www1.agric.gov.ab.ca/$department/deptdocs.nsf/all/sdd9530	1
http://esrd.alberta.ca/fish-wildlife/species-at-risk/species-at-risk-publications-web-resources/mammals/documents/SAR-StatusWolverineAlberta-1997.pdf	1
http://www.assembly.ab.ca/lao/library/egovdocs/1997/alen/42241.pdf	1
http://www.environment.gov.ab.ca/info/library/6615.pdf	1
http://www.albertacourts.ab.ca/familylaw/pdf/book3.pdf	1
http://www.srd.gov.ab.ca/fishwildlife/speciesatrisk/pdf/SAR_60.pdf	1
http://hdl.handle.net/10402/era.23191	1
http://hdl.handle.net/10402/era.23626	1
http://environment.gov.ab.ca/info/library/6314.pdf	1
http://education.alberta.ca/media/1105176/learning%20and%20technology%20in%20alberta%202009%20final.pdf	1
http://www.assembly.ab.ca/lao/library/egovdocs/2008/alsrd/165631.pdf	1
http://www.srd.gov.ab.ca/fishwildlife/speciesatrisk/pdf/BUOW%20Trend%20Block%20report_2007_Final%20Draft.pdf	1
http://www.assembly.ab.ca/lao/library/egovdocs/2011/alacc/9780778559764.pdf	1
http://www.assembly.ab.ca/lao/library/egovdocs/2007/aleii/162021.pdf	1
http://www.ahfmr.ab.ca/analysis/docs/payback99/index.php	1
http://environment.gov.ab.ca/info/library/8107.pdf	1
http://www.assembly.ab.ca/lao/library/egovdocs/2007/alen/171939.pdf	1
http://environment.gov.ab.ca/info/library/8203.pdf	1
http://alis.alberta.ca/pdf/cshop/JobSeekers.pdf	1
http://environment.gov.ab.ca/info/library/5713.pdf	1
http://tpr.alberta.ca/parks/kananaskis/pdfs/BowValleyManagementPlan.pdf	1
http://environment.gov.ab.ca/info/library/6123.pdf	1
http://environment.gov.ab.ca/info/library/7757.pdf	1
http://www.tradesecrets.gov.ab.ca/trades/pdf/trade_course_outlines/029_outline.pdf	1
http://www.srd.gov.ab.ca/fishwildlife/speciesatrisk/pdf/SAR_40.pdf	1
http://www.ourroots.ca/e/toc.asp?ID=1563	1
http://www.environment.gov.ab.ca/info/library/5816.pdf	1
http://www.assembly.ab.ca/lao/library/egovdocs/2007/aleii/164040.pdf	1
http://esrd.alberta.ca/fish-wildlife/species-at-risk/species-at-risk-publications-web-resources/birds/documents/SAR-StatusPipingPloverAlberta-1997.pdf	1
http://www.assembly.ab.ca/lao/library/egovdocs/1997/alen/42244.pdf	1
http://alis.alberta.ca/ep/careershop/showproduct.html?DisplayCode=PRODUCT&EntityKey=7700	1
http://alis.alberta.ca/pdf/cshop/EmployersGuide.pdf	1
http://www.assembly.ab.ca/lao/library/egovdocs/2007/als/164163.pdf	1
http://education.alberta.ca/media/822018/supernet_snapshot.pdf	1
http://environment.gov.ab.ca/info/library/6616.pdf	1
http://environment.gov.ab.ca/info/library/8181.pdf	1
http://www.assembly.ab.ca/lao/library/egovdocs/2009/aleii/171923.pdf	1
http://education.alberta.ca/media/1296998/09545aeugovresponseenglish.pdf	1
http://www.srd.gov.ab.ca/fishwildlife/speciesatrisk/pdf/SAR_74.pdf	1
http://environment.gov.ab.ca/info/library/8150.pdf	1
http://srd.alberta.ca/FishWildlife/SpeciesAtRisk/SpeciesAtRiskPublicationsWebResources/Plants/documents/SAR128-AdoptaPlantImplementingRecoveryActionsWesternSpiderwort-Oct2009.pdf	1
http://environment.gov.ab.ca/info/library/7815.pdf	1
http://www.srd.gov.ab.ca/lands/managingpublicland/rangemanagement/pdf/ppark07.pdf	1
http://www.municipalaffairs.gov.ab.ca/images/Final_2008_Financial_Assistance_Handbook__10.07.08___v2_forW.pdf	1
http://environment.gov.ab.ca/info/library/8269.pdf	1
http://www.assembly.ab.ca/lao/library/egovdocs/2006/als/153649.pdf	1
http://www.ab-conservation.com/go/default/assets/File/Programs/AWSR/Plant%20and%20Invertebrate%20Reports/Status%20of%20Banff%20Springs%20Snail%20in%20Alberta_2002.pdf	1
http://esrd.alberta.ca/fish-wildlife/species-at-risk/species-at-risk-publications-web-resources/invertebrates/documents/SAR-BanffSpringsSnailAlberta-Mar2002.pdf	1
http://www.assembly.ab.ca/lao/library/egovdocs/2002/alsrd/135669.pdf	1
http://www.qp.gov.ab.ca/Documents/CODES/CONCRETE.CFM	1
http://www.srd.gov.ab.ca/fishwildlife/speciesatrisk/pdf/SAR_94.pdf	1
http://education.alberta.ca/media/697938/(1)%20a%20school-wide%20approach%20for%20posting%20(green).pdf	1
http://environment.gov.ab.ca/info/library/6680.pdf	1
http://environment.gov.ab.ca/info/posting.asp?assetid=8162	1
http://environment.gov.ab.ca/info/library/7734.pdf	1
https://www.landuse.alberta.ca/LandUse%20Documents/Understanding%20Land%20Use%20in%20Alberta%20-%202007-04.pdf	1
http://www.landuse.gov.ab.ca/	1
http://www.waterforlife.gov.ab.ca/docs/strategyNov03.pdf	1
http://www.health.alberta.ca/documents/Your-Air-Ft-Mac-Study-2000.pdf	1
http://education.alberta.ca/media/949133/principal-quality-practice-guideline-french-12feb09.pdf	1
http://www.assembly.ab.ca/lao/library/egovdocs/2006/alhw/153642.pdf	1
http://environment.gov.ab.ca/info/library/6693.pdf	1
http://esrd.alberta.ca/fish-wildlife/species-at-risk/species-at-risk-publications-web-resources/plants/documents/SAR-StatusSmallFloweredSandVerbena-May2003.pdf	1
http://www.assembly.ab.ca/lao/library/egovdocs/2003/alsrd/141160.pdf	1
http://www.environment.gov.ab.ca/info/library/6152.pdf	1
http://www.alis.gov.ab.ca/pdf/cshop/rightresponse.pdf	1
http://www.albertaparks.ca/media/3195860/Wainwright.pdf	1
http://www.srd.gov.ab.ca/fishwildlife/speciesatrisk/pdf/SAR_85.pdf	1
http://education.alberta.ca/media/938187/p2_dg_setting_the_direction.pdf	1
http://tobacco.aadac.com/documents/windows_of_opportunity_technical_report.pdf	1
http://www.ihe.ca/publications/library/archived/the-assessment-of-telemedicine/	1
http://environment.gov.ab.ca/info/library/7267.pdf	1
http://www.srd.alberta.ca/BioDiversityStewardship/SpeciesAtRisk/documents/SAR132-HabitatSuitabilityIndexForTheNorthernLeopardFrogInAlberta-ModelDerivationAndValidation-Mar-2008.pdf	1
http://www.waterforlife.gov.ab.ca/images/wflreport.pdf	1
http://employment.alberta.ca/Immigration/6599.html	1
http://employment.alberta.ca/documents/WIA/WIA-IM_tfw_studentguide.pdf	1
http://environment.gov.ab.ca/info/library/6854.pdf	1
http://education.alberta.ca/media/949129/principal-quality-practice-guideline-english-12feb09.pdf	1
http://www.srd.gov.ab.ca/fishwildlife/speciesatrisk/pdf/SAR_91.pdf	1
http://www1.agric.gov.ab.ca/$department/deptdocs.nsf/all/sdd9529	1
http://www.srd.gov.ab.ca/fishwildlife/speciesatrisk/pdf/SAR_5.pdf	1
http://www.srd.gov.ab.ca/fishwildlife/speciesatrisk/pdf/SAR_63.pdf	1
http://www.education.gov.ab.ca/charactered/PDF/HeartMatter.pdf	1
http://www1.agric.gov.ab.ca/$department/deptdocs.nsf/all/agdex9483	1
http://www.srd.gov.ab.ca/fishwildlife/speciesatrisk/pdf/SAR_123.pdf	1
http://www.environment.gov.ab.ca/info/library/8142.pdf	1
http://www.qp.gov.ab.ca/Documents/CODES/TRACING.CFM	1
http://esrd.alberta.ca/fish-wildlife/species-at-risk/species-at-risk-publications-web-resources/mammals/documents/SAR-StatusWesternSmallFootedBat-Mar2008.pdf	1
http://www.assembly.ab.ca/lao/library/egovdocs/2008/alsrd/166441.pdf	1
http://srd.alberta.ca/FishWildlife/SpeciesAtRisk/SpeciesAtRiskPublicationsWebResources/Birds/documents/SAR026-AerialSurveysPipingPloverHabitat-Nov2001.pdf	1
http://environment.gov.ab.ca/info/library/6970.pdf	1
http://environment.gov.ab.ca/info/library/7707.pdf	1
http://environment.gov.ab.ca/info/library/7720.pdf	1
http://environment.gov.ab.ca/info/library/5804.pdf	1
http://education.alberta.ca/media/1261575/thss%20year%201%20report%202010-04-21%20-%20final.pdf	1
http://tpr.alberta.ca/parks/heritageinfocentre/docs/writing-on-stone_plant_community.pdf	1
http://www.assembly.ab.ca/lao/library/egovdocs/alsrd/2002/137976.pdf	1
http://environment.gov.ab.ca/info/library/7958.pdf	1
http://environment.gov.ab.ca/info/library/7895.pdf	1
http://esrd.alberta.ca/fish-wildlife/species-at-risk/species-at-risk-publications-web-resources/invertebrates/documents/SAR-StatusWeidemeyersAdmiralAlberta-Dec2005.pdf	1
http://www.assembly.ab.ca/lao/library/egovdocs/2005/alsrd/152207.pdf	1
http://environment.gov.ab.ca/info/library/6299.pdf	1
http://environment.gov.ab.ca/info/library/7959.pdf	1
http://www.assembly.ab.ca/lao/library/egovdocs/2008/alen/167028.pdf	1
http://galenet.galegroup.com/servlet/ECCO?c=1&stp=Author&ste=11&af=BN&ae=T057255&tiPG=1&dd=0&dc=flc&docNum=CW124956702&vrsn=1.0&srchtp=a&d4=0.33&n=10&SU=0LRJ&locID=edmo87290	1
http://galenet.galegroup.com/servlet/ECCO?c=1&stp=Author&ste=11&af=BN&ae=T057255&tiPG=1&dd=0&dc=flc&docNum=CW124956702&vrsn=1.0&srchtp=a&d4=0.33&n=10&SU=0LRJ&locID=edmo69826	1
http://environment.gov.ab.ca/info/library/5819.pdf	1
http://www.assembly.ab.ca/lao/library/egovdocs/2009/alen/171931.pdf	1
http://environment.gov.ab.ca/info/library/7271.pdf	1
http://www.advancededucation.gov.ab.ca/media/146967/techcommbooklet.pdf	1
http://environment.gov.ab.ca/info/library/8201.pdf	1
http://environment.gov.ab.ca/info/library/5805.pdf	1
http://environment.gov.ab.ca/info/library/7766.pdf	1
http://employment.alberta.ca/documents/WHS/WHS-PUB_bp008.pdf	1
http://environment.gov.ab.ca/info/library/6856.pdf	1
http://environment.gov.ab.ca/info/library/7604.pdf	1
http://albertaparks.ca/media/447240/willmore_fire_opt.pdf	1
http://alis.alberta.ca/pdf/cshop/lmibusiness.pdf	1
http://www.srd.gov.ab.ca/fishwildlife/speciesatrisk/pdf/SAR_54.pdf	1
http://www.assembly.ab.ca/lao/library/egovdocs/2008/alchs/171287.pdf	1
http://www.srd.gov.ab.ca/fishwildlife/speciesatrisk/pdf/SAR_51.pdf	1
http://environment.gov.ab.ca/info/library/6784.pdf	1
http://environment.gov.ab.ca/info/library/7865.pdf	1
http://www.waterforlife.gov.ab.ca/docs/infobook.pdf	1
http://environment.gov.ab.ca/info/library/7807.pdf	1
http://environment.gov.ab.ca/info/library/8255.pdf	1
http://www.srd.gov.ab.ca/fishwildlife/speciesatrisk/pdf/SAR_81.pdf	1
http://www.srd.gov.ab.ca/fishwildlife/speciesatrisk/pdf/SAR_13.pdf	1
http://esrd.alberta.ca/lands-forests/forest-management/permanent-sample-plots/documents/PSP%20FIELD%20PROCEDURE%20MANUAL%20Mar%2005.pdf	1
http://environment.gov.ab.ca/info/library/8317.pdf	1
http://environment.gov.ab.ca/info/library/8312.pdf	1
http://www.srd.gov.ab.ca/fishwildlife/speciesatrisk/pdf/SAR_67.pdf	1
http://environment.gov.ab.ca/info/library/7238.pdf	1
http://www.srd.gov.ab.ca/forests/pdf/MONITOR%20PLOT%20SURVEY%20MANUAL%20MARCH%202005.pdf	1
http://www.health.alberta.ca/documents/Health-Summit-99-response.pdf	1
http://tpr.alberta.ca/parks/heritageinfocentre/docs/Colin_Cornwall_Spider.pdf	1
http://environment.gov.ab.ca/info/library/8166.pdf	1
http://environment.gov.ab.ca/info/library/7712.pdf	1
http://www.tpr.alberta.ca/parks/heritageinfocentre/docs/NRSRcomplete%20May_06.pdf	1
http://environment.gov.ab.ca/info/library/8371.pdf	1
http://environment.gov.ab.ca/info/library/7735.pdf	1
http://www.waterforlife.gov.ab.ca/docs/water_oil_info_booklet.pdf	1
http://www.international.alberta.ca/651.cfm	1
http://www.srd.gov.ab.ca/fishwildlife/speciesatrisk/pdf/SAR_27.pdf	1
http://environment.gov.ab.ca/info/library/8141.pdf	1
http://environment.gov.ab.ca/info/library/5891.pdf	1
http://environment.gov.ab.ca/info/library/7150.pdf	1
http://www.assembly.ab.ca/lao/library/egovdocs/alen/2001/131762_02.pdf	1
http://environment.gov.ab.ca/info/library/6444.pdf	1
http://environment.gov.ab.ca/info/library/8407.pdf	1
http://environment.gov.ab.ca/info/library/7911.pdf	1
http://www.eric.ed.gov/ERICDocs/data/ericdocs2sql/content_storage_01/0000019b/80/17/87/9b.pdf	1
http://environment.gov.ab.ca/info/library/8360.pdf	1
http://environment.gov.ab.ca/info/library/5711.pdf	1
http://www.qp.alberta.ca/documents/codes/SAWMILL.PDF	1
http://environment.gov.ab.ca/info/library/7894.pdf	1
http://www.assembly.ab.ca/lao/library/egovdocs/2008/alen/164445.pdf	1
http://www.alberta-canada.com/getready/	1
http://environment.gov.ab.ca/info/library/7254.pdf	1
http://esrd.alberta.ca/fish-wildlife/species-at-risk/documents/Alberta'sStrategyForManagementOfSpeciesAtRisk2009-14.pdf	1
http://tpr.alberta.ca/parks/heritageinfocentre/docs/La%20Butte%20Rare%20Vascular%20Plants.pdf	1
http://employment.alberta.ca/documents/wia/wia-betw_tourism_strategy.pdf	1
http://environment.gov.ab.ca/info/library/5860.pdf	1
http://environment.gov.ab.ca/info/library/7806.pdf	1
http://www.ab-conservation.com/go/default/assets/File/Programs/AWSR/Bird%20Reports/Status%20of%20Peregrine%20Falcon%20in%20Alberta_1997.pdf	1
http://esrd.alberta.ca/fish-wildlife/species-at-risk/species-at-risk-publications-web-resources/birds/documents/SAR-StatusPeregrineFalconAlberta-1997.pdf	1
http://www.assembly.ab.ca/lao/library/egovdocs/1997/alen/42214.pdf	1
http://www.srd.gov.ab.ca/fishwildlife/speciesatrisk/pdf/SAR_95.pdf	1
http://environment.gov.ab.ca/info/library/5842.pdf	1
http://www.srd.gov.ab.ca/fishwildlife/speciesatrisk/pdf/SAR_32.pdf	1
http://www.srd.gov.ab.ca/lands/managingpublicland/pdf/Cutblock_Assessment_Tool_Level_1_Status.pdf	1
http://www.srd.gov.ab.ca/fishwildlife/speciesatrisk/pdf/Final_WESP_Recovery_January_2006_final.pdf	1
http://www.health.alberta.ca/documents/Healthy-Aging-Response-2000.pdf	1
http://www.qp.gov.ab.ca/Documents/CODES/TANKER.CFM	1
http://education.alberta.ca/media/1079006/hscdataanalysis_report_%20final.pdf	1
http://www.environment.alberta.ca/documents/Oil_Sands_Opportunity_Balance.pdf	1
http://www.assembly.ab.ca/lao/library/egovdocs/2008/alen/165630.pdf	1
http://environment.gov.ab.ca/info/library/8041.pdf	1
http://environment.gov.ab.ca/info/library/7908.pdf	1
http://environment.gov.ab.ca/info/library/7739.pdf	1
http://environment.gov.ab.ca/info/library/8105.pdf	1
http://environment.gov.ab.ca/info/library/5723.pdf	1
http://environment.gov.ab.ca/info/library/6378.pdf	1
http://www.srd.gov.ab.ca/fishwildlife/speciesatrisk/pdf/SAR_2.pdf	1
http://www.qp.gov.ab.ca/Documents/CODES/PESTICID.CFM	1
http://www1.agric.gov.ab.ca/$department/deptdocs.nsf/all/epw5592/$file/2008_Reference_Guide_updatejuly2011.pdf?OpenElement	1
http://www1.agric.gov.ab.ca/$department/deptdocs.nsf/all/epw5592	1
http://environment.gov.ab.ca/info/library/6364.pdf	1
http://environment.alberta.ca/documents/Baseline_FAQ.pdf	1
http://environment.gov.ab.ca/info/library/5692.pdf	1
http://www.assembly.ab.ca/lao/library/egovdocs/2007/aleii/164491.pdf	1
http://www.environment.gov.ab.ca/info/library/5896.pdf	1
http://www.srd.gov.ab.ca/fishwildlife/speciesatrisk/pdf/OKRA_Dec_05_final_Fixed_TOC_BOYD.pdf	1
http://aet.alberta.ca/media/219403/litteratie%20vivante.pdf	1
http://www.srd.gov.ab.ca/forests/pdf/ARSSC_Report.pdf	1
http://www.srd.gov.ab.ca/fishwildlife/speciesatrisk/pdf/SAR%20Report%20103%20PRRA.pdf	1
http://www.srd.gov.ab.ca/fishwildlife/speciesatrisk/pdf/SAR_15.pdf	1
http://www.environment.gov.ab.ca/info/library/6134.pdf	1
http://environment.gov.ab.ca/info/library/7805.pdf	1
http://environment.gov.ab.ca/info/library/7725.pdf	1
http://environment.gov.ab.ca/info/library/7259.pdf	1
http://www.srd.gov.ab.ca/fishwildlife/speciesatrisk/pdf/SAR_25.pdf	1
http://environment.gov.ab.ca/info/library/5834.pdf	1
http://www.environment.gov.ab.ca/info/library/7758.pdf	1
http://www.assembly.ab.ca/lao/library/egovdocs/alen/1999/72422.pdf	1
http://environment.gov.ab.ca/info/library/8316.pdf	1
http://www.srd.gov.ab.ca/fishwildlife/speciesatrisk/pdf/SAR_29.pdf	1
http://environment.gov.ab.ca/info/library/8159.pdf	1
http://environment.gov.ab.ca/info/library/5833.pdf	1
http://employment.alberta.ca/documents/LMI/LMI-BAW_AB_Skill_Shortages.pdf	1
http://education.alberta.ca/media/589336/creelcres.pdf	1
http://srd.alberta.ca/FishWildlife/SpeciesAtRisk/SpeciesAtRiskPublicationsWebResources/Fish/documents/SAR014-WatershedDisturbancesFishCommunities-Mar2001.pdf	1
https://landuse.alberta.ca/LandUse%20Documents/Draft%20Lower%20Athabasca%20Integrated%20Regional%20Plan%20-%202011-03.pdf	1
http://www.srd.alberta.ca/BioDiversityStewardship/SpeciesAtRisk/documents/SAR126-DistributionandPopulationTrends-CanadianToadInAlberta-Mar2009.pdf	1
http://environment.gov.ab.ca/info/library/6664.pdf	1
http://education.alberta.ca/media/831739/ger5_cam.pdf	1
http://employment.alberta.ca/documents/WHS/WHS-PUB%5Fbp006.pdf	1
http://www.srd.gov.ab.ca/wildfires/pdf/Chisholm.pdf	1
http://www.education.alberta.ca/media/939117/gr5peform.pdf	1
http://www.srd.gov.ab.ca/fishwildlife/speciesatrisk/pdf/SAR_16.pdf	1
http://environment.gov.ab.ca/info/library/7905.pdf	1
http://esrd.alberta.ca/fish-wildlife/species-at-risk/species-at-risk-publications-web-resources/birds/documents/SAR-StatusMountainPloverAlberta-Jul2003.pdf	1
http://www.assembly.ab.ca/lao/library/egovdocs/2003/alsrd/141157.pdf	1
http://environment.gov.ab.ca/info/library/8204.pdf	1
http://esrd.alberta.ca/fish-wildlife/species-at-risk/species-at-risk-publications-web-resources/birds/documents/SAR088-ColonialNestingBirds-SurveyHabitats-NE-Alberta-Apr2004.pdf	1
http://www.child.alberta.ca/home/documents/ministry/childwelfinal_colour1.pdf	1
http://www.child.gov.ab.ca/whoweare/childwelfareactreview/pdf/childwelfinalnographics.pdf	1
http://www.srd.alberta.ca/BioDiversityStewardship/SpeciesAtRisk/documents/SAR127-2008LoggerheadShrikeSurveyInAlberta-Jul2009.pdf	1
http://education.alberta.ca/media/1165587/asasexecutivesummary.pdf	1
http://www.tradesecrets.gov.ab.ca/trades/pdf/trade_course_outlines/031_outline.pdf	1
http://www.srd.gov.ab.ca/fishwildlife/speciesatrisk/pdf/SAR_52.pdf	1
http://environment.gov.ab.ca/info/library/7732.pdf	1
http://environment.gov.ab.ca/info/library/6718.pdf	1
http://environment.gov.ab.ca/info/library/7810.pdf	1
http://www.energy.gov.ab.ca/Electricity/pdfs/AB_Nuclear_workbook.pdf	1
http://www.thebusinesslink.ca/tbl_joomla_/docs/FindingandKeepingAboriginal%20Employees.pdf	1
http://education.alberta.ca/media/6412493/professional_learning_communities_literature_review_2006.pdf	1
