Free Access	752
Free Access: 2009-	61
Free Access: 2004-	50
Free Access: Current issue available	36
Free Access: 2008	29
Free Access: 2009	29
Free Access: 2010	29
University of Alberta Access	28
Free Access: 1998-	26
Free Access: 1995/1996-2006/2007	24
Free Access: current ed. only	24
Free Access: Current week only available.	17
Free Access: Nov. 2000-Jan. 2001	17
Free Access: 1995-	15
Free Access: 2000/2001	13
Free Access: 2001/2002	13
Free Access: 2002/2003	13
Free Access: 2003/2004	13
Free access	12
Free Access: 2007	10
Free Access: 2005	9
Free Access: May 2008	9
Free Access: Jan. 2009	9
Free Access: May 2009	9
Free Access: July 2009	9
Free Access: Sep. 2009	9
Free Access: Oct. 2009	9
Free Access: Latest issue of each distinctive title only	9
Free Access Main report	8
Free Access: 2004/2005	8
Free Access: 2005/2006	8
List of budget documents	8
Free Access: 1998	7
Free Access: 1999	7
Free Access: 2000	7
Free Access: 2001	7
Free Access: 2003	7
Free Access: 2004	7
Free Access: Nov. 2006-	7
Free Access: 1998/1999-2005/2006	6
Free Access: 1998/1999	6
Free Access: 1999/2000	6
Free Access Volume 1	6
Free Access 2002/2006	6
Free Access; Current year only	6
Free Access: 2004/2008	5
Free Access: 2008/2010	5
Free Access: 2005-	5
Free Access: 2011	5
Free Access: 2012	5
Free Access: 2013	5
Free Access: 2014	5
Free Access Volume 2	5
Free Access Volume 3	5
Free Access Volume 4	5
Free Access Volume 5	5
Free Access: Text reports 2000-2004	5
Free Access: v. 1	5
Free Access: main report	4
Free Access: append.1	4
Free Access: append.2	4
Free Access: append.3	4
Free Access: append.4	4
Free Access: append.5	4
Free Access: executive summary	4
Free Access: 2009/2010-	4
Free Access (Archive): 2001/2002-	4
Free Access: 2001-	3
Free Access: Latest edition only available	3
Free Access Appendices	3
Free Access: Latest edition only	3
Free Access: 2014/2015	3
Free Access Part I	3
Free Access Part II	3
Free Access: pt. 1	3
Free Access: v. 2	3
Free Access Overview	2
Free Access Technical Report Pt. 1	2
Free Access Technical Report Pt. 2	2
Free Access Technical Report Pt. 3	2
Free Access:	2
Free Access: Phase I	2
Free Access: Phase II	2
Free Access Technical appendices	2
Free Access Supplemental data	2
Free Access: 8th ed.(2006)	2
Free Access: 9th ed.(2007)	2
Free Access: 10th ed.(2008)	2
Free Access: Part 1 only	2
Free Access: 1997/1998	2
Free Access Main Report	2
Free Access Summary Report	2
Free Access: Summary	2
Free Access: 2004 final draft	2
Free Access: 2013 edition	2
Free Access: 2014 edition	2
Free Access Final Report only	2
Free Access: 2006/2007	2
Free access: 2004-	2
Free Access: Latest issue only available	2
Free Access: 2005/2006-	2
Free Access: 2004/2005-2010/2011	2
MacEwan University Access	2
Free Access Vol. 2	2
Free Access: v. 3	2
Free Access: 2005/2006-2013	2
Document	2
Free Access: Part 1	1
Free Access: Part 2	1
Related information Free Access	1
Summary	1
Free Access Waste Facts	1
Free access 2008/2009-	1
Free access, pdf	1
Free access, html	1
University of Alberta Access: Main report	1
University of Alberta Access: Appendix	1
Free Access: Main report	1
Free Access: Appendix	1
Free access, table of contents	1
Free Access: 2002/2003-2011/2012	1
Free Access: Strategy 15 of the Plan	1
Free Access: latest edition only	1
Free Access: 2007-2017	1
Free Access: main report without questionnaire	1
Free Access: September 2004	1
University of Alberta Access: August 2004	1
Free Access: 2012-	1
Free Access: Summary document	1
Free Access: Core supports and appendices	1
Red Deer College Access	1
Free Access: 2006	1
Free Access Report	1
Related information	1
Free Access: 2006/2007-2007/2008	1
Free Access Section 1	1
Free Access Section 2	1
Description	1
